緣份,內容
Test1,這是測試
你只是來報恩的姻緣,"在你們的命盤中，你們的緣份很玄殊，比較痛苦的組合，代表你只是來報恩的姻緣。
 一，你愛他，他不愛你。
 二，你完全對他付出，他沒辦法回應你的愛，甚至也傾向於冷漠一些。
 三，你很喜歡他，你心裡的理想對象就是像他這樣的人，所以你也很難放下他。
 四，你對他一見鐘情機率大，或是剛接觸就喜歡他了。"
他只是來報恩的姻緣,"在你們的命盤中，你們的緣份很玄殊，比較痛苦的組合，代表他只是來報恩的姻緣。
 
 一，他比較喜歡你，反而你會思考他是不是你想要的人。
 二，他在感情上會完全地付出，而你則沒辦法回應他的喜歡。
 三，若果，你們分手後，很大機會他放不下你。
 四，他對你一見鐘情，甚至他都以你為先。"
你命中要找的「人」,"老實說，你命途中要找的「人」很大機會是他，不一定會相處良好，但是你必須要面對他這個「愛情課題」，從他身上，你將會得到人生的領悟，不管好壞，他都是與你有「緣」，但有沒有「份」去長相廂守就得看你們的福報了。很多時候上天送給你「正緣」，不見得大家會珍惜，每次的不尊重不包容，都是有在破壞你們之間的緣份！
 
 你們之間「有姻緣」但不一定有「福份相伴一輩子」的主因：
 一：多次前世，你們的「問題」變成「情債」還沒解決
 二：有愛情功課，需要透過「他」化成「考驗」給你上課
 三：你對他的心態傾向於「只在乎曾經擁有，不在乎天長地久」，那就沒必要執著太深（現在硬要抓著他在自己身邊）
 
 建議：認真把你對他的「不滿」或 你們相處的「問題」一個個都整理好，NANA才有辦法針對問題幫你解決。"
他命中要找的「人」,"老實說，他命途中要找的「人」很大機會是你，不一定會相處良好，但是他必須要面對你這個「愛情課題」，從你身上，他將會得到人生的領悟，不管好壞，他都是與你有「緣」，但有沒有「份」去長相廂守就得看你們的福報了。
 
 你們之間「有姻緣」但不一定有「福份相伴一輩子」的主因：
 一：多次前世，你們的「問題」變成「情債」還沒解決
 二：有愛情功課，需要透過「你」化成「考驗」給他上課
 三：他對你的心態傾向於「只在乎曾經擁有，不在乎天長地久」
 
 建議：認真把他對你的「不滿」或 你們相處的「問題」一個個都整理好，NANA才有辦法針對問題幫你解決。"
你們命中要找的「人」,"老實說，你們命途中要找的「人」很大機會是對方，不一定會相處良好，但是你們必須要面對彼此這個「愛情課題」，從對方身上，你們將會得到人生的領悟，不管好壞，你們都是與對方有「緣」，但有沒有「份」去長相廂守就得看你們的福報了。很多時候上天送給你們「正緣」，不見得大家會珍惜，每次的不尊重不包容，都是有在破壞你們之間的緣份！
 
 更簡單的說法就是，你們彼此來到對方的世界裡，是為了讓彼此上一堂愛情課，時機到了，就會完全消失在你的生命裡。
 
 如何不讓他消失在你的世界？就要趁著還沒斷聯的時候，趕快處理「愛情課題」，把情債還光光了，再製造正向緣份，就不會狠心絕心地斷聯。已經斷聯消失了，再求也求不回來，這也是緣盡的表現！
 
 你們之間「有姻緣」但不一定有「福份相伴一輩子」的主因：
 一：多次前世，你們的「問題」變成「情債」還沒解決
 二：有愛情功課，需要透過「彼此」化成「考驗」給你們上課
 三：你們的心態傾向於「只在乎曾經擁有，不在乎天長地久」"
0%沒有緣份,"在你們的命盤中，屬於 有緣無份 的組合 。代表你們不一定是彼此心目中的理想伴侶，所以，你們的關係就停滯在這邊，無法前進更親密的關係，像是走不進彼此的心，或許也只有肉體上的互動。
 
 對於 你們目前的狀況，你更需要釐清 你們之間的情感，要來自於「責任」或「陪伴」或「習慣」，有時候口說的喜歡，也不是真心的喜歡。"
30%少緣份,"在你們的命盤中，屬於 比較少有緣份（差不多30%）的組合。代表你們不一定是彼此心目中的理想伴侶，但是也會有互相欣賞的地方。剛開始接觸時，你們可能對彼此就抱有好感，不見得一見鍾情，但是也會有喜歡對方的可能性。認識好一段時間，可能會發現對方的想法或個性，跟自己想像的格格不入，所以乾脆不要了，錯過了愛情的衝動。
 
 主要分別就是，分手也沒差，因為覺得對方也不像自己心目中的人選，所以分手時，雖然難過，但是如果換到更適合自己的人也好像可以，只是一時之間不習慣沒有對方，或是不想被拋棄。"
30%曖昧,"在你們的命盤中，屬於 比較少有緣份（差不多30%）的組合。代表你們不一定是彼此心目中的理想伴侶，但是也會有互相欣賞的地方。剛開始接觸時，你們可能對彼此就抱有好感，不見得一見鍾情，但是也會有喜歡對方的可能性。認識好一段時間，可能會發現對方的想法或個性，跟自己想像的格格不入，所以乾脆不要了，錯過了愛情的衝動。
 
 主要分別就是，不聯絡也沒差，因為覺得對方也不像自己心目中的人選，所以不聯絡時，雖然難過，但是如果換到更適合自己的人也好像可以，只是一時之間不習慣沒有對方，或是不想被拋棄。
 
 為何他會直接放棄？不想再跟你聯絡？因為，他根本不喜歡你，你也沒辦法滿足他的條件。在他心裡面，他認定你不是他想要的人，所以他會乾脆選擇不聯絡。相處久了，他會覺得，一定會找到比你更好而又喜歡的人，尤其遇上了就會果斷跟你斷聯。因為，你跟他沒有實際的愛跟喜歡。即使復聯了，沒有好好處理，也會很快斷聯。"
50%他喜歡你多一些,在你們的命盤中，屬於 緣份脆弱 的組合（隨時因為變數而一拍兩散）。他會比較喜歡你多一些，尤其是他剛接觸你的時候，他就已經有一見鐘情，或是認識不久就喜歡你，所以他會顯得更投入在感情關係裡。現代愛情觀，希望能夠找一位比較愛自己的人，那他正是如此。他比較喜歡你多一些，剛接觸時就會有比較強烈的感覺，但是你對他比較一般般。
50%你喜歡他多一些,在你們的命盤中，屬於 緣份脆弱 的組合（隨時因為變數而一拍兩散）。你會喜歡他多一些，尤其是你剛接觸他的時候，你就已經有一見鐘情，或是認識不久就喜歡他，所以你會顯得更投入在感情關係裡。交往後，他可能會發現你的想法或個性，跟他想像的格格不入。交往久了，可能就會覺得還好，他想要出去找新鮮感的可能性多。
60%不能長相廝守,在你們的命盤中，屬於 有機會 長相廝守（60%的緣份）的組合，但不完全是足夠讓你們平安相愛到老，容易因為有變數而放棄。同時，也代表你們可能不完全是彼此心目中的理想伴侶，剛接觸的時候已經喜歡，或是帶點一見鍾情，交往後，可能會發現對方的想法或個性，跟自己想像的格格不入。剛開始時，你會覺得他某些個性特質好像符合自己的理想條件，但是到後來，卻發現不一樣。或是，交往久了，可能就會覺得還好。
70%斷不開的組合,在你們的命盤中，屬於 感情斷不開 的組合（70%的緣份），代表你們互相喜歡，也符合彼此心目中的理想伴侶。同時，你們剛開始接觸時，就已經喜歡對方，或是有一見鐘情的可能性。即使分開，也會互相糾纏一段時間。復合率比較高，而且會有患難見真情的表現。如果，其中一方願意原諒，請給時間去療癒心靈，時間到了，就會回來。
90%互相喜歡,"在你們的命盤中，屬於 緣份很高 的組合（有90%緣份），代表你們互相喜歡，也符合彼此心目中的理想伴侶，是一組很漂亮的合盤（彼此是人生中其中一位正緣）。同時，你們剛開始接觸時，就已經喜歡對方，或是有一見鐘情的可能性。
 
 「緣份多」的表現 則會在剛交往時，就會有一㮔似曾相識，相逢恨晚 的感覺，在相處上會比較包容尊重，相比其他交往經驗，會更容易感到幸福，快樂，知足 的心靈滿足感。
 
 但是，能不能長相廂守就得看你們的福報了（福報不足，容易一個干擾就喊分手）。不想放棄，雙方就需要增加福報，可以邀請對方「多做布施」、一起「學習吃素」、自己幫忙「定期還情債」三管齊下，感情堅定下來，就能穩定地長相廝守相愛到老。
 
 你們緣份多，即使當下分開斷聯，也會在未來有一天相遇。所以，別因為現在的處境否定了你們的緣份。有些人念念不忘，在三年或五年後，還是會重遇，重新相愛。你不想跟他錯過或浪費時間，最後才發現彼此是正緣，請你一定要及時處理這段姻緣。"
曖昧不夠緣份,"你們之間比較沒有緣份，代表他只是短暫性喜歡你（新鮮感/生理衝動），但是喜歡也不一定會馬上就提出交往。
 
 不夠緣份，即使在一起，也會佷快分手。或是，你們各自遇到更喜歡的人就會直接放棄。
 
 
 建議，不要浪費心思在沒有緣份的對象上，目前更需要集中心思在自己的魅力上，例如打扮、學習、增強磁場，提升自信，會更能吸引真正欣賞你裡裡外外的對象。（有心想要找正緣，不再糾結合盤對象，請主動諮詢NANA（祕訣不外傳，只給用心經營愛情的善緣））"
你一見鐘情,同時，你對他傾向於一見鐘情，但是交往後，深入了解才發現他沒有那麼吸引你，也覺得他也很一般。
他不一見鐘情,相反，他對你不會有一見鐘情，是需要深入了解你後，才會思考跟你交往的可能性。因為他喜歡你的特質都要透過溝通才可以展現出來，除非你美到吸引他主動認識你，否則，真的要透過深入認識才可以讓他看見你的好。
你不一見鐘情,你對他不見得是一見鍾情的，反而是認識後才慢慢喜歡他，而他則是一開始就追你或喜歡你，但是交往後才發現你沒有那麼吸引他，也覺得你也很一般，才發現你不是他要的人。
命盤很像,但是你們命盤很像，個性也好像，彼此會成為彼此的朋友，但你比較喜歡他多一些，剛接觸時就會有比較強烈的感覺，但是他對你比較一般般。
為何不想再跟你復合？,為何他會直接放棄？不想再跟你復合？因為，他根本不喜歡你，你也沒辦法滿足他的條件。在他心裡面，他認定你不是他想要的人，所以他會乾脆選擇分手。交往久了，他會覺得，一定會找到比你更好而又喜歡的人，尤其遇上了就會果斷跟你分手。因為，你跟他只有交往的關係，沒有實際的愛跟喜歡。即使復合了，沒有好好處理，也會很快分手。
為何他會跟你分分合合？,為何他會跟你分分合合？因為，你是備胎（後備炮友的可能）。你其實也沒辦法滿足他的條件。在他心裡面，他認定你不是他想要的人，所以他會乾脆選擇分手。交往久了，他會覺得，一定會找到比你更好而又喜歡的人，尤其遇上了就會果斷跟你分手。因為，你跟他只有交往的關係，沒有實際的愛跟喜歡。即使復合了，沒有好好處理，也會很快分手。還沒找到更好更喜歡的人，先暫時復合。
陰陽 天干,內容
陽陽,你們雙方在溝通都會有過度主動強硬、不願妥協的時候，若要穩定和諧相處，建議你們在日常生活中學會互相謙讓，先冷靜思考你們討論的目的是什麼，再來進行有效溝通，不要為了爭一個「我是對的」「你要聽我的」答案。 而不是硬碰硬，鬥個輸贏，這樣會很快產生怨氣、不爽，感情阻礙就是這樣越積越多而不自知，最後真正離開了才後悔。
陰陰,你們雙方的性格都拖拖拉拉、糾纏不清，表達也不夠主動，當出現問題時也可能傾向於冷戰或啞忍，也可能因為過度內斂而難以讓對方感受到愛。當吵架或發生問題時，其實是需要其中有一方踏出第一步，才能突破僵局。不然，兩個人很被動，都不會和好，或是聊開。你們會把問題藏很深，直到吵架才會拿出來講，超級沒意義的，何必呢？建議，你要做主動的一方，你太被動，只會讓自己錯過他，不要再以「矜持」為由而讓自己最後傷心又流淚，你說為了面子，而失去他，值得嗎？
女陽男陰,在你們的相處中，你會比較強勢，而他則是比較陰柔一些，你提出的意見，他會傾向默默接受，要注意的是，他提出意見時，你也比較有主見，也容易反對他或意圖改變他的想法，你會給他有壓迫感，要他聽你的話，長期下來，他會不想跟你共同生活下去，因為跟你在一起只有妥協，沒有共識。所以，建議你要多反思自己的強硬的態度，是不是忽略了他的感受或想法，讓他心累，不想再想聽從於你。若你不反思及調整自己，事事以「自己是對的」自把自為，即使和好或復合，也會重蹈覆轍。
流年（比劫、印P、財）,內容
你走比劫,"你在2024期間，朋友來往變多（舊朋友突然聯絡），社交聚會活動也變多，小心朋友來借錢，或找投資合作，很容易一去不回頭，拿不回來。另外，流年的磁場會吸引情敵出現，或感情被界入，多有第三者出現，或玩交友軟體跟異性曖昧的狀況發生。
 
 所以，2024年磁場，會讓你變得很混亂。而且，你也會變得更聽朋友的話，忽略了伴侶的意見，意思就是說你聽朋友的建議，也不見得聽他的看法。這樣，很容易讓他受挫敗，而不想面對，最後，導致雙方感情破裂。（自己及對方都有機會「允許異性跟自己頻密來往」）"
他走比劫,"他在2024期間，朋友來往變多，社交聚會活動也變多，小心朋友來找他投資合作，很容易一去不回頭，拿不回來。另外，就是他身邊異性緣變多，或感情被界入，多有第三者出現，或玩交友軟體跟異性曖昧的狀況發生。所以，2024年磁場，會讓他變得很混亂。而且，他也會變得更聽朋友的話，忽略了伴侶的意見，意思就是說他聽朋友的建議，也不見得聽你的看法。這樣，很容易讓你受挫敗，而不想面對，最後，導致雙方感情破裂。他有機會「允許異性跟自己頻密來往」。
 
 所以，2024年建議從他的朋友入手，讓他的朋友講出你的「好」，他才聽得進去，他也才會發現你的好，也才留下好印象，朋友說的他會考慮看看。"
你們比劫,"你們在2024期間，朋友來往變多（舊朋友突然聯絡），社交聚會活動也變多，小心朋友來借錢，或找投資合作，很容易一去不回頭，拿不回來。另外，流年的磁場會吸引情敵出現，或感情被界入，多有第三者出現，或玩交友軟體跟異性曖昧的狀況發生。
 
 所以，2024年磁場，會讓你變得很混亂。而且，你們也會變得更聽朋友的話，忽略了伴侶的意見，意思就是說你們聽朋友的建議，也不見得聽對方的看法。這樣，很容易讓雙方受挫敗，而不想面對，最後，導致雙方感情破裂。（自己及對方都有機會「允許異性跟自己頻密來往」）"
他走P,"要注意的是，他在2024會出現小人多，意思就是不論愛情還是身邊，都會多個麻煩人干擾他，也就是我們所說的「走小人運」。所以，他在這年期間比較力不從心，人際上也有不安的感覺，是正常的。他的心思不在感情生活上，因為會有人際雜事在干擾他，讓他只想解決小人是非。
 
 而且，他今年口舌是非多，也是因為他嘴巴容易講出令人不中聽的說話，而得罪人，為反對而反對，故意想歪講歪理。而且，容易做錯決定，衝動分手，其實他只是害怕面對人際關係，包括愛情。"
他走梟印奪食,"要注意的是，他在2024會出現小人多，意思就是不論愛情還是身邊，都會多個麻煩人干擾他，也就是我們所說的「走小人運」。所以，他在這年期間比較力不從心，人際上也有不安的感覺，是正常的。他的心思不在感情生活上，因為會有人際雜事在干擾他，讓他只想解決小人是非。
 
 而且，他今年口舌是非多，也是因為他嘴巴容易講出令人不中聽的說話，而得罪人，為反對而反對，故意想歪講歪理。而且，容易做錯決定，衝動分手，其實他只是害怕面對人際關係，包括愛情。
 
 而且，在他的命盤有，嚴重的流年不利影響，輕則小人是非陷害他，嚴重會有意外之災，建議今年先自保，破解命盤不利，多於求感情。
 
 今年對他來說，會比較反反覆覆，你要多關心他的情緒，少出一張嘴，要做「愛情療癒組合」提升自己的正能量，不然最後你們兩個狀況太差還是會失去彼此。"
你走P,"要注意的是，你在2024會出現小人多，意思就是不論愛情還是身邊，都會多個麻煩人干擾你，也就是我們所說的「走小人運」。所以，你在這年期間比較力不從心，人際上也有不安的感覺，是正常的。你的心思不在感情生活上，因為會有人際雜事在干擾你，讓你只想解決小人是非。
 
 而且，你今年口舌是非多，也是因為你嘴巴容易講出令人不中聽的說話，而得罪人，為反對而反對，故意想歪講歪理。而且，容易做錯決定，衝動分手，其實你只是害怕面對人際關係，包括愛情。"
你走梟印奪食,"要注意的是，你在2024會出現小人多，意思就是不論愛情還是身邊，都會多個麻煩人干擾你，也就是我們所說的「走小人運」。所以，你在這年期間比較力不從心，人際上也有不安的感覺，是正常的。你的心思不在感情生活上，因為會有人際雜事在干擾你，讓你只想解決小人是非。而且，你今年口舌是非多，也是因為你嘴巴容易講出令人不中聽的說話，而得罪人，為反對而反對，故意想歪講歪理。而且，容易做錯決定，衝動分手，其實你只是害怕面對人際關係，包括愛情。
 
 而且，在你的命盤有，嚴重的流年不利影響，輕則小人是非陷害你，嚴重會有意外之災，建議今年先自保破解命盤不利，多於求感情。
 
 今年對你來說，會比較反反覆覆，要多照顧自己的情緒，要「愛情療癒組合」提升自己的正能量，不然最後你的狀況太差，你會親手摧毀自己的愛情，他受不了你，而失去他。"
你身強走印,你2024年則會有比較多人在身邊，但他們說話很多，沒一個可以幫上你，也有可能幫倒忙。所以，2024會人來人往，還是多注意一下，小心被扯後腿而不自知。貴人來，但能幫上的不多，這就是叫假貴人。假貴人來了，就要收拾爛攤子，所以目前你也沒有太大心思經營感情。也有一種防範人的心態，步步小心為營，小心看人。而且，你會對愛情比較有幻想，以為一切美好，到後來才發現只是一直以來的想像的。
他走印,他2024年則會有比較多人在身邊，但他們說話很多，沒一個可以幫上他，也有可能幫倒忙。所以，2024會人來人往，還是多注意一下，小心被扯後腿而不自知。貴人來，但能幫上的不多，這就是叫假貴人。假貴人來了，就要收拾爛攤子，所以目前他也沒有太大心思經營感情。也有一種防範人的心態，步步小心為營，小心看人。
你身弱走印,你2024年走貴人年，意思是做事情會有人幫忙，有求於人都會答應你，也可以說是會有姻緣貴人出現，所以，想撮合感情建議請別人幫忙代你開口，或是請朋友同事幫你們製造機會。如果不想麻煩別人，而事事靠自己，則不成功，甚至於失敗。再加上，今年你的想法比較不切實際，只想著而不行動，會更顯得被動，所以才需要請別人幫忙。
配偶走財,他2024走桃花運，代表他這年人緣多，也容易色心起，或是一時意亂情迷就出軌。2024會更明顯，會比較想要找外面的第三者。要注意他的精神狀況及健康情況，因為越衰弱越容易想歪、做錯事。（他親手摧毀自己的愛情，或是他有更喜歡的人出現，就會馬上甩開你）。同時，他也在重新思考你是不是他想要的情人、認真思考你跟他有沒有未來、他想不想扛起你這個人的責任。如果，他想清楚後，認為你「不值得」，他也是會果斷分手。
曖昧走財,他2024走正緣運，代表他在這年交往的情人就是他的正緣，他身邊人緣也變多，如果在他走正緣年也沒有跟你在一起，就要小心他其實心有其他人，或是他還是覺得你不適合他，才遲遲沒有開口確認關係。正緣年，會在他的潛意識當中，會挑選適合他而他愛的人，但是如果在這一年，一切什麼都沒有發生，也代表，他沒選擇你，他還在等待「符合他心目中最喜歡」的正緣。
前任走財,他2024走正緣運，代表他在這2年交往的情人就是他的正緣，他身邊人緣也變多，如果在他走正緣年分手，就要小心他其實心有其他人，或是代表他還是覺得你不適合他，才會在這一年吵架分手。正緣年，會在他的潛意識當中，會挑選適合他而他愛的人，但是如果在這一年，是分手狀態，也代表，他沒選擇你，發現原來你不是他最愛的那位，他還在等待「符合他心目中最喜歡」的正緣。
小三走財,他2024走財運，同時也是桃花運，代表他這2年異性緣多，也容易色心起，突然想要更多異性，會想要交往。明年會比較收心養性，疼愛正宮，也會因為把正宮放在第一位，而放棄外面的森林，全情投入戀愛中，是他疼伴侶最明顯的一年。如果，他沒有呈現這個狀態，就要注意你社交是否正常，會不會有所隱瞞，有機會發現原來自己不是他最愛的那位。
走財關鍵,今年，是非常關鍵的一年，因為他走桃花運，如果你一直保持低能量的狀態，他覺得跟你在一起不舒服，容易萌生「說不定其他人會讓我更快樂」的比較。你的能量越低，他越容易「思考清楚後，確定你不是他想要的伴侶」，所以，你必須要做「雙人牽線療癒組合」提升自己的正能量，不然最後你們兩個狀況太差，還是會失去彼此。
你走財,你在2024 只顧著賺錢，腦袋在意錢，也對金錢比較敏感，用多用少錢也變得很在乎，狀況不好就會追著錢跑，也會淘大錢，也容易卷入錢財糾紛。2025花費會比較大，愛花就花，傾向花費在玩樂、享受物質上。2024會講求實際，也可能會換到一份收入較高的工作，或加薪。會想努力認真工作，變得想要求穩定。所以，你對愛情沒有太大的慾望，除非對象有物質或金錢上的誘因，否則建議你還是好好地專注賺錢，而不是戀愛腦 。
雙方注意爛桃花,今年雙方注意爛桃花（小人也是指 自己、對象、家人朋友及其他阻礙你感情的所有人，自己也會扯自己後腿，對象也會做錯決定，家人也會不理性地反對，等等。）
流年（官殺）,內容
交往走正官,在2024期間，你會很在意他的一舉一動，會很細心留他的行為動作有沒有異樣，會管得他比較嚴格，或是對於他的事情你會很敏感，反應過度。所以，你們感情投入度會有所差別，是正常的，因為流年運勢的磁場會影響你的想法、心態、行為。你也會管得他比較嚴格，你自己會不自覺，但是對方卻會有明顯的束縛感，你今年會顯得比較緊張，緊張他所有事情，你的存在是他無形的壓力，容易讓他喘不過氣而心累。他受不了，就會跟你分手。同時，會有莫名其妙的壓力，諸事不順，心情或好運有被壓制的感覺。
你重新審視愛情,同時，你會重新審視自己的愛情，審視目前的感情是否真的想要或適合，如果本來就對現任沒有太大的喜歡，很大機會在今年正緣年裡渴望想要一段真真正正的姻緣。
曖昧七殺,在2024期間，你會比較在意他的一舉一動，會很細心留他的行為動作有沒有異樣，或是對於他的事情你會很敏感，反應過度。你會很在意他的一舉一動，你會比較在意他對你的行為，你自己會不自覺，但是對方卻會有明顯的束縛感，也會有無形的壓力，你今年會顯得比較緊張，緊張他所有事情，容易讓他喘不過氣而心累。同時，對方會因為你的無理、壓迫、脾氣、情緒，而選擇跟你分手！所以，不要把自己的不爽強加於他身上，否則你只會親手摧毀自己的愛情！另外，你今年狀態比較差，如果沒有固定做桃花供，提升個人正能量，就會容易「告白失敗」「別人不喜歡你」的感情狀況及「發生意外、有動刀手術、血災」。
分手走七殺,你在2024期間，你會很在意他的一舉一動，會管得他比較嚴格，你自己會不自覺，但是對方卻會有明顯的束縛感，你今年會顯得比較緊張，緊張他所有事情，容易讓他喘不過氣而心累。你的愛對他來說太多了！多到他已經是一種不舒服的壓力，你就是他壓力的來源，所以，他為了讓自己生活開心一些，選擇放棄你。有另一個說法就是，你如果沒有做好保護自己，容易被流年不利磁場影響，當你一時運勢低迷時，也沒預防及避免凶災，就會容易「被分手」的感情狀況 及「發生意外、有動刀手術、血災」。
出軌先殺後官,你2024走正緣運，代表你在這年間容易遇到自己喜歡又覺得適合的伴侶。你會重新審視自己的愛情，審視目前的感情是否真的想要或適合，如果本來就對現任沒有太大的喜歡，很大機會在正緣年裡渴望想要一段真真正正的姻緣。而去年是爛桃花年，所以，去年比較大機會衝動行事，會突破自己的心理關口，喜歡就喜歡，而來到今年，遇到個喜歡的，就會容易暈船，希望能有一段屬於自己的姻緣。
曖昧先殺後官,你2024走正緣運，代表你在這年間容易遇到自己喜歡又覺得適合的伴侶。而去年是爛桃花年，所以，去年比較大機會衝動行事，會突破自己的心理關口，喜歡就喜歡，而來到今年，遇到個喜歡的，就會容易暈船，希望能有一段屬於自己的姻緣。如果，你已經遇到一位你喜歡又覺得適合的人，請把握做「愛情療癒組合」，你告白的話，成功率會很高。若維持原況去等待他開口，只會錯失姻緣。
未婚走官,在2024期間，你會比較在意伴侶，會很細心留他的行為動作有沒有異樣，或是對於他的事情你會很敏感，反應過度。同時，也是你的正緣運，意思就是有機會結婚或同居。去年，壓力會比較大，諸事不順，心情或好運有被壓制的感覺。今年會比較好一些，感情運會更放鬆舒服。
他傷官見官,他在2024年期間，會過得比較吃力一些，上司給壓力，工作職場可能多麻煩事，所以他的心思都放在工作，無暇顧及戀情。2024，他命盤跟流年產生了凶相，他容易招惹是非官司，或者是會有意外流血的事件發生，也會多了一份拚勁在工作上，所以，他會寧願選擇去闖事業或應酬，時間會分配不過來，沒辦把心思都放在經營感情上。這一年，特別容易想分手，他想清靜自己的耳朵，對感情方面選擇逃避、冷戰、冷暴力、甚至是直接生氣/情緒起伏大而喊分手離婚。
他走官,他在2024年期間，他是走事業運，正值事業高峰期，會過得比較吃力一些，上司給壓力，工作職場可能多麻煩事，所以他的心思都放在工作，無暇顧及戀情。2024，他會多了一份拚勁在工作上，所以，他會寧願選擇去闖事業或應酬，時間會分配不過來，沒辦把心思都放在經營感情上。這一年，特別容易想分手，他想清靜自己的耳朵，對感情方面選擇逃避、冷戰、冷暴力、甚至是直接生氣/情緒起伏大而喊分手。
他走殺,"他在2024年期間，會過得比較吃力一些，上司給壓力，工作職場可能多麻煩事，所以他的心思都放在工作，無暇顧及戀情。2024，他容易招惹是非官司，或者是會有意外流血的事件發生，也會多了一份拚勁在工作上，所以，他會寧願選擇去闖事業或應酬，時間會分配不過來，沒辦把心思都放在經營感情上。這一年，特別容易想分手，他想清靜自己的耳朵，對感情方面選擇逃避、冷戰、冷暴力、甚至是直接生氣/情緒起伏大而喊分手離婚。
 
 所以，他基本上這年都在處理麻煩事，沒心情經營感情，所以他走這年會特別容易喊分手，他寧願少一件事煩他，也不要每次對著你只想到煩惱。他在這年裡，會選擇逃避。
 
 今年對他來說，會比較反反覆覆，你要多關心他的情緒，少出一張嘴。他都已經對生活充滿著煩惱跟壓力，你還要求他愛你滿足你？這樣對他很不公平，難怪他想放棄你！不想逼走他，你更要做「愛情療癒組合」提升自己的正能量，不然最後你們兩個狀況太差還是會失去彼此。"
流年（食傷）,內容
你走食傷,"你在2024期間，會被追求完美挑剔得更嚴重，心受挫敗，而情緒不穩，起伏大，想法偏向悲觀。你在這年很容易胡思亂想，磁場太混亂，所以你會把煩惱、痛苦、壓力都發洩到他身上。
 
 你今年負面影響太多，他比較不想要面對你，想逃避你，你讓他不舒服，所以你會被分手多。或是，你負面想法太多，太痛苦了，想要擺脫，也會想跟他分手，堅持不下去，實在太難受了。其實你只是受磁場影響，你是很需要稱讚，想要被認同，你想把事情做好，卻又容易搞砸。另外，就是職場上，充實人際是非煩惱，對工作也比較沒有心思，容易與上司、高層、公司抱有不滿意或頂撞，對外抱怨上司公司。說話也不好聽，字句中帶諷刺，容易傷害別人，而不自知。造成這個惡的循環：自己內心悲觀，心情不好而不自知地得罪人，吸引是非煩惱來針對你，生活更壓抑，最後讓自己陷入痛苦中。"
他走食傷,"他在2024期間，會被追求完美挑剔得更嚴重，心受挫敗，而情緒不穩，起伏大，想法偏向悲觀。其實受磁場影響，他是很需要稱讚，想要被認同，他想把事情做好，卻又容易搞砸。這年，就是人際是非煩惱，對工作也比較沒有心思，容易與上司、高層、公司抱有不滿意或頂撞，對外抱怨上司公司。說話也不好聽，字句中帶諷刺，容易傷害別人，而不自知。而且，今年負面影響太多，會分手多。
 
 所以，他基本上這年都在處理麻煩事，沒心情經營感情，所以通常他走這年會特別容易喊分手，他寧願少一件事煩他，也不要每次對著你只想到煩惱。他在這年裡，會選擇逃避。
 
 今年對他來說，會比較反反覆覆，你要多關心他的情緒，少出一張嘴。他都已經對生活充滿著煩惱跟壓力，你還要求他愛你滿足你？這樣對他很不公平，難怪他想放棄你！不想逼走他，你更要做「愛情療癒組合」提升自己的正能量，不然最後你們兩個狀況太差還是會失去彼此。"
今年對你來說,今年對你來說，情緒及糟遇會比較反反覆覆，你更要做「愛情療癒組合」提升自己的正能量，不然就算再愛你也會被你的負能量影響，而感到厭惡，再愛你，也會想離開你。
今年對你們來說,今年對你們來說，會比較反反覆覆，你要多理諒他的情緒，少出一張嘴。他都已經對生活充滿著煩惱跟壓力，你還要求他愛你滿足你？這樣對他很不公平，難怪他想放棄你！你更要做「愛情療癒組合」提升自己的正能量，不然就算再愛你也會被你的負能量影響，而感到厭惡，再愛你，也會想離開你。最後，你們兩個狀況太差還是會失去彼此。
再加上你的抱怨,所以，再加上你的抱怨、碎碎念，他會感受更深。你愛他的方式不對，你希望他做好，但其實沒必要把標準套在他身上，他只會變得越來越冷淡，他也容易變得不想面對你，寧願出去跟其他人在一起。
流年必要,內容
流年小三,"從今年開始，整體流年磁場大方向會多出現感情爆炸，會有很多不能見光的事情會被抓包，所以，在這期間，你會看到以往看不到的「醜事」「隱瞞」「問題點」，會𣊬間爆發。當你發現後，你會很痛苦。所以《愛情療癒組合》會讓你修復自己跟愛情的缺口，會更堅定地面對一切。你需要的是一份「解決問題的勇氣」。
 
 每年看「流年運勢」很重要，要催吉避凶，才能順順利利。"
流年桃花狀況,"從今年開始，整體流年磁場大方向會多出現感情爆炸，感情容易不夠堅定而出現意外狀況，例如建立炮友關係，卻不答應交往，對方多有備胎（情敵），自己暈船後對方冷處理，嚴重會斷聯。
 
 每年看「流年運勢」很重要，要催吉避凶，才能順順利利。"
關係,內容
你以他為優先,而你，則是事事以他為優先，所以，你都比較遷就他，聽他的意見，他提出的想法，你都會接受，或跟著做。久而久之，你的在愛情的地位權力會不平衡，事事都是他作主，他會有沒有尊重你的狀況，及忽略你的需求。
事事以你為先,"而他，則是事事以你為優先，所以，他都比較遷就你，聽你的意見，你提出的想法，他都會接受，或跟著做。久而久之，他的在愛情的地位權力會不平衡，事事都是你作主，你會有沒有尊重他的狀況，及忽略他的需求。
 
 同時，他都比較遷就你，聽你的意見，你提出的想法，他都會接受，或跟著做。久而久之，他的在愛情的地位權力會不平衡，事事都是你作主，會有沒有尊重他的狀況，及忽略他的需求。"
你們會以對方為優先,在你們的關係中，你們會以對方為優先，會排在家人跟朋友之前，所以，你們是真的在乎彼此的感受、想法、意見，你們盡可能滿足對方。所以，看起來很棒，但是，卻會存在一個問題，就是，你們容易把需求悶在心裡，不敢表達，最終錯過了表達的機會，造成誤會。你們沒有主見的時候，反而會更看重對方的感受，常常「以為對方不要了」，長久下來，各種胡思亂想，都會侵蝕你們的愛。
你們無所謂,在你們的關係中，你們都會有「無所謂」的態度，誰比較有主見就聽誰說，有時候家人朋友比較有意見或要求時，就會跟著他們的要求去做，所以，會忽略到對方的感受，覺得沒有被重視。長久下來，會覺得對方沒把自己說的話放在心上，會心裡委屈跟難受。所以，你們彼此都沒有把對方放在考量當中，會很容易產生誤會或吵架，造成誤解，其實都是「不被重視、委屈、受不了」。
他無所謂,而他，都會有「無所謂」的態度，誰比較有主見就聽誰說，有時候家人朋友比較有意見或要求時，他就會跟著他們的要求去做，所以，他會忽略到你的感受，你覺得沒有被重視。長久下來，你會覺得他沒把自己說的話放在心上，你會心裡委屈跟難受。所以，你們彼此都沒有把對方放在考量當中，會很容易產生誤會或吵架，造成誤解，其實都是「不被重視、委屈、受不了」。
你無所謂,而你，都會有「無所謂」的態度，誰比較有主見就聽誰說，有時候家人朋友比較有意見或要求時，你就會跟著他們的要求去做，所以，你會忽略到他的感受，他覺得沒有被重視。長久下來，他會覺得你沒把自己說的話放在心上，他會心裡委屈跟難受。所以，你們彼此都沒有把對方放在考量當中，會很容易產生誤會或吵架，造成誤解，其實都是「不被重視、委屈、受不了」。
分手你們家人,在你們的關係中，你們會以家人為優先，意思就是說你們做的決定，都是以家人的意見為考量，如果，他家人在你背後表示不喜歡你，或是對你有微言，他也有很大機會果斷不要你，或是默默對你冷漠。如果，他的新對象比較討他家人歡心，也很大機會，你地位不保，復合更難。所以，要復合請先討好他家人，你的地位才會提升，他家人幫你說話，他也會比較聽得進去。
交往他家人,在你們的關係中，他會顯得比較重視家人，會以家人的意見為優先考量，再去做決定。然後，他把你放在他的家人之後，所以，事事會先聽家人的話，才再考慮你的感受。如果，他家人在你背後表示不喜歡你，或是對你有微言，他也有很大機會果斷不要你，或是默默對你冷漠。如果，他的新對象比較討他家人歡心，也很大機會，你地位不保。所以，要復合請先討好他家人，你的地位才會提升，他家人幫你說話，他也會比較聽得進去。
小三他家人,在你們的關係中，他會以家人為優先，意思就是說他做的決定，都是以家人的意見為考量，如果，他的家人是比較喜歡原配，始終會離開小三，因為家人的肯定是非常重要，即使自己已經不喜歡原配，也會非常重視家人的認同。也就是說，他也沒有到太喜歡到要為了小三而反抗家人。
你家人,在你們的關係中，你會顯得比較重視家人，以家人為優先考量，意思就是你會先想再到家人的意見或需求，再去做決定。所以，你們之間可能也存在著，你不重視他的問題，他的感受可能因此而有所失望。也有可能是，你們也沒有共識，他也無可奈何，不知道怎麼處理。
你們工作,在你們的關係中，你們會以工作為優先，意思就是說你們做的決定，都是以工作的安排為考量，所以互相容易卡在事業跟愛情兩邊選擇，當一方有空想顧及感情時，另一方就會投入工作，所以常常會因為工作而忽略對方的感情需求，長期下來，容易會因為冷淡而分開。
你工作,"在你們的關係中，你會顯得以工作為優先，意思就是說你們做的決定，都是以工作的安排為考量，所以互相容易卡在事業跟愛情兩邊選擇，當一方有空想顧及感情時，另一方就會投入工作，所以常常會因為工作而忽略對方的感情需求，長期下來，容易會因為冷淡而分開。
 
 所以，你們之間可能也存在著，你不重視他的問題，他的感受可能因此而有所失望。也有可能是，你們也沒有共識，他也無可奈何，不知道怎麼處理。"
他工作,在你們的關係中，他會顯得以工作為優先，意思就是說他做的決定，都是以工作的安排為考量，所以互相容易卡在事業跟愛情兩邊選擇，當一方有空想顧及感情時，另一方就會投入工作，所以常常會因為工作而忽略對方的感情需求，長期下來，容易會因為冷淡而分開。
你們朋友,在你們的關係中，你們會重視朋友，所以你們也會只聽朋友的意見，也不見得會聽對方的建議，所以，平常就有會，雙方沒把對方放在眼內，或不跟對方商量的自把自為的情況出現。
他愛自己,在你們的關係中，他會顯得比較愛自己，以自己為優先考量，意思就是他會先想再到自己的需求，再去做決定。而你，則是事事以他為優先，所以，你都比較遷就他，聽他的意見，他提出的想法，你都會接受，或跟著做。久而久之，你的在愛情的地位權力會不平衡，事事都是他作主，會有沒有尊重你的狀況，及忽略你的需求。
他愛自己又重朋友,在你們的關係中，他會顯得比較愛自己，以自己為優先考量，意思就是他會先想再到自己的需求，再去做決定。然後，他重視朋友，所以他也會只聽朋友的意見，也不見得會聽你的建議，所以，平常就有會，他沒把你放在眼內，或不跟你商量的自把自為的情況出現。
你愛自己,在你們的關係中，你會顯得比較愛自己，以自己為優先考量，意思就是你會先想再到自己的需求，再去做決定。所以，你們之間可能也存在著，你不重視他的問題，他的感受可能因此而有所失望。也有可能是，你們也沒有共識，他也無可奈何，不知道怎麼處理。
你們愛自己,"在你們的關係中，你們會顯得比較愛自己，以自己為優先考量，意思就是你們會先想再到自己的需求，再去做決定。你們都是顧自己的感情及處境，忽略了彼此的需求及情緒，簡單來說就是眼中也沒有對方，只想要自己的想要的。所以，你們之間可能也存在著，你們不重視彼此的問題，你們的感受可能因此而有所失望。也有可能是，你們也沒有共識，雙方也無可奈何，不知道怎麼處理。
 
 所以，你們彼此都沒有把對方放在考量當中，會很容易產生誤會或吵架，造成誤解，不重視對方的問題。"
各有重視,"在你們的關係裡，你會先以他作考量因素，意思就是說你做的決定，都是家人及他的感受去衡量。而他，則是會先以自己的感受為優先考量。做決定前，都是先看自己想不想做，而不是考慮你喜不喜歡。所以，你們之間可能也存在著，你們不重視彼此的問題，你們的感受可能因此而有所失望。也有可能是，你們也沒有共識，雙方也無可奈何，不知道怎麼處理。
 
 所以，你們彼此都沒有把對方放在考量當中，會很容易產生誤會或吵架，造成誤解，不重視對方的問題。"
合盤,內容
你單一,你對伴侶的要求也比較簡單，代表你少有要求伴侶，能遇上就會喜歡。但是，也是代表著，你看對方身上的缺點會比較多，會較不包容對方的做法及想法。
非君不嫁,在合盤看來，其實你也沒有對他有「非君不嫁」的感覺，只是在想要戀愛時，剛好遇上他，愛情的火花很快就熄滅。
分手認定他,在合盤看來，你有一種認定他的念頭，你很喜歡他，而且是不能自拔的地步，要你放棄他，找下一個，可能也需要一段時間去釋懷。難得遇上一個這麼喜歡的人，不想就此放手。我相信你，還是想拚一次，至少再努力一次。
交往正緣,在合盤看來，我知道你很喜歡他，但是如果，你不懂得用對方法跟他相處，不懂得讓他開心、也不懂滿足他的心靈需求，即使他再喜歡你，也會因為長期的不愉快，而果斷放棄你！不要以為正緣，就是一輩子！
他懂得欣賞你的特質,在合盤看來，他懂得欣賞你的特質，就算在一起後，他也會比較能包容及接受你，也是代表著，即使面臨情關，他也會比較願意跟你一起渡過，比較不容易放棄，能不能走到終點站，就看你們的福報了。他跟你非常有緣份，更需要做《雙人牽線療癒》讓他更清醒，更快發現你是他的正緣，成功率都很高！只看你對他的愛堅不堅定。
你對價值觀,在合盤看來，你對感情的價值觀，比較像是他的想法。所以，你們聊天會對上頻率，「對對對，我也這是這麼覺得。」「我也是這樣想」。所以，你們深入聊天時，特別能講出自己的感受或想法。這種合盤，就是一拍即合，走好運時，運勢推你一把，很快就會擦出火花走在一起了。
介意他的缺點,在合盤看來，你會介意他的缺點，深入相處後，會開始對他的缺點不耐煩，自己對他的喜歡感會被缺點磨光。如果遇到不愉快的事情或吵架，就會顯得不耐煩，特別容易不想跟他在一起。
他對價值觀,在合盤看來，他對感情的價值觀，比較像是你的想法。所以，你們聊天會對上頻率，「對對對，我也這是這麼覺得。」「我也是這樣想」。所以，你們深入聊天時，特別能講出自己的感受或想法。這種合盤，就是一拍即合，走好運時，運勢推你一把，很快就會擦出火花走在一起了。
介意你的缺點,在合盤看來，他會介意你的缺點，交往後，會開始對你的缺點不耐煩，自己對你的喜歡感會被缺點磨光，吵架時，會顯得不耐煩，特別容易不想跟你在一起。
你們價值觀,在合盤看來，你們對感情的價值觀，比較像是彼此的想法。所以，你們聊天會對上頻率，「對對對，我也這是這麼覺得。」「我也是這樣想」。所以，你們深入聊天時，特別能講出自己的感受或想法。這種合盤，就是一拍即合，走好運時，運勢推你一把，很快就會擦出火花走在一起了。
你們單一,你們對伴侶的要求也比較簡單，代表你們少有要求伴侶，能遇上就會喜歡。但是，也是代表著，你看對方身上的缺點會比較多，會較不包容對方的做法及想法。
他單一,他擇偶條件也比較簡單，代表他少有要求伴侶，能遇上就會喜歡。但是，也是代表著，他看你身上的缺點會比較多，會較不包容對方的做法及想法。
他也不一定只要你,所以，他也不一定只要你，他還有其他更適合他條件的情人，所以，每次你跟他發生不愉快的對話時，他都會更肯定「你是不適合做他情侶」「你不是他想要的情人」的想法，所以不要以為無理取鬧或過度控制，就以為威脅他更愛你，其實是反效果。只會讓他更確定分開是最明智的抉擇，跟你交往才是最痛苦的悲劇。
只有責任跟習慣,在合盤看來，他想要的你卻沒辦法給予他，很多時候他有提出，但是不見得你聽得進去，最後也沒辦法滿足他。所以，他整個人就沒有繼續走下去的動力，覺得未來沒希望，對愛情沒有期盼。久而久之，留下來的都只有責任跟習慣，並不是愛情。一段關係，都是從愛情 升華 到 感情。但是，你們目前就是只有「習慣」綁住你們。
逢場作興,在合盤看來，他其實也不是真的喜歡你，只是「人」來了，加減逢場作興一下，很快就會找到下一個喜歡的人，或是熱情過後（玩膩了）就對你冷淡，不疼惜你。
曖昧不夠緣份,在合盤看來，你們之間比較沒有緣份，代表他也喜歡你，但是喜歡也不一定會馬上就提出交往，因為他生性喜歡曖昧，遇上了也不會定性，還沒玩夠，以為再找就再有。這也是我們常常聽到的「對的人，錯的時間」。
不會放棄新情人,在合盤看來，你們之間比較沒有緣份，代表他也喜歡你，但是不至於為了跟你復合而放棄新情人，畢竟對新情人的熱戀期新鮮感，還是會讓他有所期待。
曖昧正緣年,在合盤看來，你們之間比較沒有緣份，但是他其實喜歡你，但是喜歡也不一定會馬上就提出交往，因為他正在走正緣年，他還在選擇他喜歡的情人，或是正在跟其他人曖昧，或是留戀心中那一位最愛。
十神,內容
正官-他欣賞,他欣賞你很有分寸，妥善處理，跟你相處也表現得有規律守規矩，是個理智的人，對於他的事凡事不馬虎，也講求信用，讓他有安全感，你是個值得信任的人。跟你生活的話，你會打理得有條理，對事也有責任感。他欣賞你的自律，事業上有執行力，有企圖心，也能專注事業，做人安守本份，不背道而馳。他也很喜歡你的愛屋及屋的態度，對他來說，你是他優秀的賢內助，也是不會讓他操心的最佳伴侶。
正官-他希望,他希望你對事業會有一番見解，穩定發展更好，能更自律一些更好，也希望你在事業上多點執行力，多點企圖心往上爬，能專注事業，更安守本份更好。他也希望你做人多一點擔當，也希望你多一點負責感，不要馬虎做事。為人也要有原則，不要善變。他希望你安安份份做好自己的事情，不要任何事都問他吵他，他會很沒耐煩。
正官-但是你,但是，你有時候會愛面子，太過重視地位或事業心重，太有自己的原則或規距，一板一眼，不太變通，寧願選擇穩定安全的方向去走，所以也會有優柔寡斷的一面。同時，你的責任感過於強烈，而把伴侶看得太重要，忽略了愛情的空間，讓他喘不過氣，更害怕跟你生活在一起。
正官-你欣賞,你欣賞他為人正直，做事有規律守規矩，你們可以理性溝通，對你的事情也都不馬虎，對你也很講求信用，生活有條理，對這段感情或你也比較有責任心。他對事業有自己的見解，認為要有穩定工作是重要跟理想的，要有穩定工作，每個月都安定。他給你一種安穩的安全感，你期待著給你該有的滿足，也喜歡他是一個有擔當的人。
正官-你希望,你希望他處理事情更有條理，對你對這段感情多一些責任感，事業多點企圖心，積極去爭取更多回來，也希望他對你多一些愛你的行動，積極實現你們之間的口頭承諾。對事業有見解是非常吸引你，他的事業能夠穩定發展更好，能更自律一些更好，也希望他在事業上多點執行力，多點企圖心往上爬，多專注事業，安守本份更好。同時，你希望他把重心放在你身上，表現得更愛你多一些。
正官-但是他,但是，他有時候會愛面子，太過重視地位或事業心重，太有自己的原則或規距，不太變通，寧願選擇穩定安全的方向去走，所以也會有優柔寡斷的一面。
七殺-他欣賞,他欣賞你是個有責任感的人，會盡責完成去完成，對工作上的事情特別很有責任感，同事或上司有求於你，你會盡力去完成。對事情有衝勁，爭強好勝，勇敢果斷，智略明敏，也具有主導的魅力。不輕易妥協認輸，有勇氣承擔責任，喜歡去改革創新，爭取自己的權益，說到做到。同時，他喜歡你你能給他更多激情的舉動，帶點狂野，床上的霸道他最愛。
七殺-他希望,他希望你能夠更有衝勁一些，想做就去做，果斷更好，做人要有責任心，一句不要就不要沒交帶，事業上要更有野心，更有力量，更有上進心。他也希望你能給他更多激情的舉動，帶點狂野沒關係，越刺激越好，他的情慾喜歡新鮮又帶有曖昧，床上的霸道他最愛。但是，如果你沒辦法滿足他的情慾，他容易一時的衝動，而出軌外遇，他控制不了誘惑。因為對他來說，你很無聊，外面的花花世界能激起他慾望。
七殺-但是你,但是，你卻常常讓他有壓迫感，做事比較衝動，也不服輸，競爭意識強烈，一旦對現狀不滿，就會希望一下子使情況好轉起來訴諸行動，所以你做事變動會很大，也很在乎面子，讓他不知道你這樣做到底對不對。你也常常導致情緒的喜怒無常，陰晴不定。尤其是，你好勝心強，有時候，會常常要吵贏而變得很暴躁，生氣他是想要他聽你的，但是對他來說，很有壓迫感，會不敢跟你分享，或是不敢跟你有再多的互動。
七殺-你欣賞,你喜歡他為人個性獨立，志得意滿，自尊心強，對事業有企圖心，有野心，有威嚴，做事有衝勁，直爽，對事業會有一番見解，覺得想做就去做，不需要顧慮太多。同時，他能給你更多激情的舉動，帶點狂野，他給你山盟海誓，說到做到，你渴望成為他的唯一，有些事情只允許對你做過。
七殺-你希望,你希望他在生活上能夠更有衝勁一些，想做就去做，果斷更好，對你的事情更有責任心，不能一句不要就不要沒交帶。你希望他在事業上表現得更有野心及企圖心。也希望他能給你更多激情的舉動，帶點狂野沒關係，也希望他給你山盟海誓，要說到做到，只有你是唯一。只對你做過。
七殺-但是他,但是，他卻顯得對你喜歡發號施令，讓你有壓迫感，做事比較衝動，也不服輸，競爭意識強烈，一旦對現狀不滿，就會希望一下子使情況好轉起來訴諸行動，所以他做事變動會很大，也很在乎面子，讓你不知道你這樣做到底對不對。他也不喜歡聽令於人，所以常常導致情緒的喜怒無常，陰晴不定。尤其是，他好勝心強，所以比較不能忍受失敗的打擊。他的自大，讓你喘不過氣，有想逃脫的感覺。
正印-他欣賞,他欣賞你有一種對家庭責任感很強的感覺，是個賢妻良母的感覺。而且，他欣賞你對他温柔體貼，而且寬容有耐心，待人友善，就算有爭執也不會耿耿於懷太久，你會盡可能滿足你的想法，包容跟你不一樣的價值觀。你會細心地照顧他，跟你在一起會感到被照顧的感覺，他也喜歡依賴你。他渴望精神交流，你都能滿足他。
正印-他希望,他希望你對他能夠表現得更寬容一些，處理爭執可以再圓融一些，平常更温柔體貼多一些，對於他的錯誤再多一些耐心，吵架時可以原諒自己。他也會同樣期望你懂得照顧他，成為能讓他依靠而又值得信任的人。他希望你能在生活上多顧及他的情緒，照顧他的需求，他的內心很渴望被關心。雖然在你看來他很不獨立，或是不想自己做他媽媽，但他確實是喜歡這種很有母愛又照顧他的愛人。
正印-但是你,但是，你過於保守容易產生依賴心，也容易養成怠慢的習慣，想法也比較脫離現實，想法也很固執，不切實際。讓他覺得你根本活在自己的世界裡，你什麼都不說就以為他懂，他對這方面很厭煩厭倦。如果有重大的決定，你很需要聽別人的意見，所以你會習慣被人照顧，會讓他覺得你是一個負擔，或是任何事都要做你的腦，還要幫你打點一切，他會麻煩、累、不耐煩，好想擺脫你這個巨嬰。
正印-你欣賞,你欣賞他對你温柔體貼，寬容友善，即使吵架也不會耿耿於懷太久，但是，他比較重視精神上的滿足，他會觀察你的價值觀是不是跟他一致。他細心照顧你，在一起會感到被照顧的感覺。你喜歡被他照顧，他也確實做到細心關心你的一面，你享受被他寵著，而他也很有耐心地跟你相處，就算你有時候比較任性一些，他也能夠做到陪伴。如果，你們目前是少聚在一起的話，你會很容易缺乏安全感！如果你繼續被動式原地踏步，你只會被自己的不安摧毀了這段感情。
正印-你希望,你希望他對你更寬容，處理爭執可以更圓融一些，對你的態度更温柔體貼，花多點耐心在你身上，吵架時可以趕快原諒自己。你也會同樣期望他懂得照顧你，成為能讓你依靠而又值得信任的人。你希望他能夠常常陪伴你，能讓你更依賴他，這就是你想要的安全感。也希望他在任何時候都是以你為先、以你為重，把你寵到心坎去。
正印-但是他,但是，他過於保守容易產生依賴心，也容易養成怠慢的習慣，想法也比較脫離現實，想法也很固執，不切實際。讓你覺得他根本活在自己的世界裡，他什麼都不說就以為你懂，你對這方面很厭煩厭倦。如果有重大的決定，他很需要聽別人的意見，所以他會習慣被人照顧。在你看來就是依賴心太強，比較沒主見，或是他只是耍任性，只想你慣著他，他就可以為所欲為。
P -他欣賞,他欣賞你的態度及表現，你會比較有見解，點子多，你也會對他有心思細膩的一面，他欣賞你有自己獨特的興趣。他欣賞你的想法和見解，也敢於分享及表達，總能讓他覺得新奇有趣，他能接受你的想法，也喜歡聽你的表達。他喜歡聽著你的故事，讓他覺得你是一個很特別的情人。你的坦誠相待，也讓他感到安全感。
P -他希望,他希望你能夠多忍耐情緒，不要發洩在他身上，更懂得察言觀色他的變化，也要懂得看他的臉色，能理解他的需求更好，坦言相對是必要的安全感。他也希望你能夠帶著好奇心去體驗生活，常有獨特的想法讓他驚喜更好，你也需要多發掘比較冷門的興趣跟話題，盡可能引起他的目光。
P -但是你,但是，你卻是警戒心強，不容易說出真心說話，慣於壓抑感情，喜怒哀樂不形於色。你對感情思緒過度，下定決心後又三心二意，猶豫不決，比較欠缺耐心。心裡只想著把事情盡快處理好，卻往往忽略了其他關鍵因素。同時，你對感情也比較多疑猜忌，會為無聊的事情自尋煩惱，有時候意見不合，就搞自閉。你也會鑽牛角尖，容易自相矛盾且固執和偏激，與他溝通困難，他根本不知道你想要什麼。
P -你欣賞,你欣賞他對你的表現，他會比較有見解，點子多，他對你也比較心思細膩，他對你的坦誠相待，也讓你感到有安全感，同時，他會有自己喜歡研究的興趣。但是他警戒心強，不容易說出真心說話，慣於壓抑感情，喜怒哀樂不形於色。
P -你希望,你希望他能夠多忍耐情緒，不要發洩在你身上，更懂得察言觀色你的變化，也要懂得看你的臉色，能理解你的需求更好，坦言相對是必要的安全感。你也希望他能夠帶著好奇心去體驗生活，常有獨特的想法讓你驚喜更好，他也需要多發掘比較冷門的興趣跟話題，盡可能引起你的目光。
P -但是他,但是，他卻是警戒心強，不容易說出真心說話，慣於壓抑感情，喜怒哀樂不形於色。他對感情思緒過度，下定決心後又三心二意，猶豫不決，比較欠缺耐心。心裡只想著把事情盡快處理好，卻往往忽略了其他關鍵因素。同時，他對感情容易自相矛盾且固執和偏激，與你溝通困難，根本不知道他想要的是什麼。他提出的想法與觀點，都會讓你不舒服，明明是歪理都被他講得好像合理，你每次跟他理性溝通，他都會反駁你，硬要掰成是正確的。其實，他的三觀，都好像很有問題，讓你不敢恭維。
比肩 -他欣賞,他喜歡你是個我行我素的人，做事貫徹初衷，意志堅強，自尊心強，不服輸，凡事都以自己的想法或價值觀為標準加以判斷，你也非常暸解自己，對生活充滿自信，也會堅持自己的立場。雖然你以上的特質都比較強烈或帶點極端，但是他也是可以包容及接受的。他也喜歡跟你像朋友一樣的相處，他喜歡跟你一唱一和，是他覺得最理想的模式，也喜歡跟你一起做很多事情，也喜歡你能融入朋友群裡。可以的話，希望你能在聚會裡，偷偷有肢體上的曖昧，他會很有興趣，也享受這樣的曖昧。
比肩 -他希望,他希望你能跟他一樣，做事貫徹初衷，意志堅強，不服輸，凡事都以自己的想法或價值觀為標準加以判斷，希望你能暸解自己，對生活多一份自信，也希望你能堅持自己的立場。希望你能一起參與跟朋友的聚會，但是你要有能被他帶出門的價值，否則他覺得帶你見朋友沒面子時，就會拒絕一起出席應酬或飯局。希望你能多給他面子，在朋友面前要多稱讚他，覺得他很厲害。他很需要你的耐心，也需要彼此都有很好的互動。
比肩 -但是你,但是，有時候，你卻顯得我行我素，常常以自我為中心，也無法以他的立場考慮事情。而且你都有非黑即白的觀念想法，為了無謂的面子而堅持己見，所以容易跟他發生衝突。
比肩 -你欣賞,你喜歡他是個我行我素的人，做事貫徹初衷，意志堅強，凡事都以自己的想法或價值觀為標準加以判斷，他也非常暸解自己，對生活充滿自信，也會堅持自己的立場。雖然他以上的特質都比較強烈或帶點極端，但是你也是可以包容及接受的。你會察覺到他看起來很開朗，但是內心是孤獨。你也喜歡跟他像朋友一樣的相處，而且你對他越相處，越有日久生情的情愫。你喜歡跟他同聲同氣，像朋友的相處，也喜歡跟他一起做很多事情，也喜歡他能融入朋友群裡。
比肩 -你希望,你希望他能夠跟你像朋友一樣的相處，去哪都能帶上你，出門也不太介意認識彼此的朋友，你會希望他的朋友也能成為你的朋友，彼此融入生活圈子，你喜歡他能夠跟你一起創造生活回憶的事情。你希望他在朋友面前，能多稱美你多一些，希望他可以一起參與各種聚會，有他的陪伴會更有安全感。你很需要你的耐心，也需要彼此都有很好的互動。
比肩 -但是他,但是，有時候，他卻顯得我行我素，常常以自我為中心，也無法以對方的立場考慮事情。而且他非黑即白的觀念想法，也容易與你發生衝突。他常以朋人家人為先，忽略了你的感受，他寧願跟他們在一起，也不願意多花心思二人世界，讓你覺得跟他的距離跟感情都無法更更一步。
劫財 -他欣賞,他欣賞你隱藏在內心的企圖心，一股不服輸的野心，非常吸引人你。他欣賞你看起來總是能讓他有慾望，也能掀起他的衝動，對他來說你是有某種魅力的，但這個魅力不是長久的，而是，如果你常常做出拒絕他，或是讓他生氣的事情，他對你的興趣會大減，最後他會完全對你沒有慾望，冷淡對待你。
劫財 -他希望,他希望你能夠多一點企圖心，也多一點野心，應變能力強一些更好，能迅速地完成目標會更好。而且，要懂得為自己爭取，不要面對困難就馬上放棄或抱有失敗的想法。你越有價值或越漂亮，他就會回頭來多看你一眼，甚至如果你有人追求，他會更積極地關心你。對他來說，如果你是一件寶藏，他會珍惜你；相反，如果你只是件平凡的東西，他不會把你留在身邊。
劫財 -但是你,但是，你會看起來像憂鬱，嫉妒心很強，所以你有時候不見得很緊張他，只是因為害怕失去他，他會認為你嫉妒心強，神經質，容易不認輸，愛鬥氣。所以，會處處小心著自己的行為，害怕觸發到你內心的底線。長期下來，他容易受不住你的強烈的反應，尤其是嫉妒心強，也讓他每次面對你時都很緊繃，害怕做錯事，到最後就會想逃脫。
劫財 -你欣賞,你欣賞他隱藏在內心的企圖心，一股不服輸的野心，非常吸引人你。但是，他會看起來像憂鬱，嫉妒心很強，所以他有時候不見得很緊張你，只是因為害怕失去你，你會認為他嫉妒心強，神經質，愛鬥氣。所以，你會處處小心著自己的行為，害怕觸發到他內心的底線。同時，如果跟他冷戰，會讓你很折磨及疲憊，也會有熱臉貼冷屁股的不安感。他其實在感情上不輕易信任人，自我保護強烈，才會佔有欲望強烈，往往會表現出強勢的一面。
劫財 -你希望,你希望他對你表現多一點佔有慾，盡可能表現內心的慾望讓你知道，處理感情關係需要更強的應變能力，迅速地解決當下的問題會讓你更安心。你也希望他帶你出席社交場合，同時也要注重形象及多打扮自己。如果，他對你有更多的情慾會更好，希望他在床上的表現能更出色，能更讓你歡愉。
劫財 -但是他,但是，他會看起來像憂鬱，嫉妒心很強，所以他有時候不見得很緊張你，只是因為害怕失去你，你會認為他嫉妒心強，神經質，容易不認輸，愛鬥氣。所以，會處處小心著自己的行為，害怕觸發到他內心的底線。
食神 -他欣賞,他欣賞你性格温和，不輕易與人起衝突，他跟你在一起都很快樂，你跟他相處不會自以為是。他喜歡你總是給他浪漫而又充滿幻想的愛情，你的心思細膩會讓他感動，你重視跟他的生活情趣，充滿活力。他喜歡你會帶他吃吃喝喝，也會製造浪漫氛圍，他很吃儀式感這一套，對於你的用心，他會感動。而且，天性樂觀豁達，對於變動的事情總是能夠找到好的應對方法，即使在困難中也能隨遇而安。
食神 -他希望,他希望你帶著你享受生活，更懂得生活情趣的互動，對他的態度更樂觀開朗，觀光察到他喜怒哀樂的細節，也希望你跟他相處時多注意小細節。而且，只要你帶他去吃吃喝喝，到處玩樂，他就最開心。同時，希望你能夠記住他的喜好，隨時能帶給他驚喜，為平淡枯燥的生活，帶來一些儀式感及小情趣。
食神 -但是你,但是，你做事會顯得比較怠慢，重視享受，懶得去辯與人爭吵。同時，你會比較慢半拍，凡事都會再三考慮，沒有按照你的想法去走就悶悶不樂。你想法清高又自負，生性也比較軟弱。你太理想化，也不付出踏踏實實的努力，總是在不同的理想中變換，想一套做一套，再加上三分鐘熱度，很容易讓他懷疑你的可靠性。
食神 -你欣賞,你欣賞他的態度，不管做什麼事情都會有長遠的眼光，去計劃或實行。他跟你在一起的時候會有樂觀開朗的一面，對你也心思細膩，對待感情也比較豐富。而且，他重視跟你的生活情趣，會帶你吃吃喝喝，也會製造浪漫氛圍，多多少少你很吃儀式感這一套，你對於他的用心，會感動。
食神 -你希望,你希望他帶著你享受生活，更懂得生活情趣的互動，對你的態度更樂觀開朗，觀察到你喜怒哀樂的細節，也希望你跟他相處時多注意小細節。而且，只要你他帶你去吃吃喝喝，到處玩樂，你就最開心。同時，希望他能夠記住你的喜好，隨時能帶給你驚喜，為平淡枯燥的生活，帶來一些儀式感及小情趣。
食神 -但是他,但是，他做事會顯得比較怠慢，重視享受，懶得去辯與人爭吵。他會越來越自負，也不喜歡受到束縛，也是容易內心空虛孤獨。同時，他會比較慢半拍，凡事都會再三考慮，沒有按照他的想法去走就悶悶不樂。他想法清高又自負，生性也比較軟弱。他太理想化，也不付出踏踏實實的努力，總是在不同的理想中變換，想一套做一套，再加上三分鐘熱度，很容易讓你懷疑他的可靠性。
傷官 -他欣賞,他欣賞你比較口才比較好，也會有大膽的想法，是個有能力的女人，也表現的滿滿的活力跟鬥志。同時，你也會顯得感性及會撒嬌，說話讓他很歡喜。但是，你也是個說話常常帶刺，一針見血，說話很常傷害到他，也不服輸，做人太過自信，任性恣意，傲慢，處事圓融性低。但是，他都可以包容跟接受。
傷官 -他希望,他希望你在生活中裡可以有滿滿的活力跟鬥志，多一些大膽想法，做人要有自信心，也不要低頭認輸沒鬥志。他希望你可以聰明一些，至少能理解他所說的話，而不是一直問他為什麼，或是沒回應。他需要一個脾氣好也包容他任性的伴侶，聽話照作準沒錯。對他來說，你顯得很笨，他不喜歡笨的情人，他喜歡的是能跟他一起討論事情的聰明又有智慧的情人。如果，他真的受不了「你很笨」「為什麼要跟你解釋很多你才明白」，會產生厭倦，笨是致命點，他很快就會對你沒興趣。
傷官 -但是你,但是，你也是個說話常常帶刺，一針見血，說話很常傷害到他，也不服輸，做人太過自信，對於生活細節喜歡吹毛求疵，侍寵而嬌。你要知道沒有人喜歡被酸言酸語的，你講的是事實沒錯，但是講出來對感情只有破壞，沒有加分，為什麼還要執意要講呢？你說話像一把刀，斬下去就會片體麟傷，不要為了爭贏，而講出讓自己後悔的話。
傷官 -你欣賞,你欣賞他口才比較好，也會有大膽的想法，不服輸，也認為自己沒有什麼得不到，或做不到的事，滿滿的活力跟鬥志，所以有時候會比較搶風頭。但是，他也是個說話常常帶刺，一針見血，說話很常傷害到你，也不服輸，做人太過自信，帶點任性，傲慢，處事圓融性低。但是，你也是會接受以及包容他。
傷官 -你希望,你希望他能夠有滿滿的活力跟鬥志，多一些大膽想法，做人要有自信心，也不要低頭認輸沒鬥志，能馬上解決你的問題會更好。你希望他可以聰明一些，至少能理解你所說的話，而不是一直問他為什麼，或是沒回應。對你來說，他顯得很笨，你不喜歡笨的人，你喜歡的是能跟他一起討論事情，是個聰明又有才智的人。
傷官 -但是他,但是，他也是個說話常常帶刺，一針見血，說話很常傷害到你，也不服輸，做人太過自信，帶點任性，傲慢，處事圓融性低。他會把自己的標準都套在你所上，完全不包容你，做不好馬上唸你，嚴重會一直吹毛求疵，有時候沒控制好情緒，太氣會講一些人身攻擊的話。你都受不了，覺得自己一文不值，或是越來越自卑。期下來，你的自信心會被他扁得越來越低，所以才會愛的卑微。明明自己想做到好，但是卻沒被他欣賞過。
正財 -他欣賞,他欣賞你有顧家的一面，會為家裡準備妥當，他也欣賞你對金錢的運用有規劃，該花就花，奢侈的物質生活，你可能不太追求，你清楚明白生活的需求，總讓人安心。如果，他決定把自己交給你照顧，可能他就已經對你產生很大的信任感。他會覺得你對於家庭的觀念是符合他的要求，如果你是一個顧家的人，是絕對加分，讓他有家的感覺。
正財 -他希望,他希望你為人要再節儉些，消費多以生活實用為主，重視他的家人更好，有家庭責任更好，會有賢妻良母的感覺更好，可以管理打理整理家裡狀況會更好。所以，他會顯得對你比較斤斤計較，不太願意花錢在你身上，因為他覺得自己努力賺的錢，不值得花在你身上。相反，他對你比較大方，這也代表你絕對值得讓他花錢疼愛你的。
正財 -但是你,但是，你有時候太過重視金錢，顯得吝嗇，斤斤計較。有時候對於錢的事情變了個態度，要你花錢卻要談條件，實在讓他不舒服。凡事思前想後，不果斷不決斷，有時候太拘泥於瑣碎事情，也沒辦法馬上隨機應變處理事情。其實也還蠻懶惰，缺乏進取心做事欠缺魄力。
正財 -你欣賞,你欣賞他為人節儉，講求實用實際，會覺得要有一份穩定收入，為人保守、正派，會言行一致，喜歡踏實而安定的生。他為人較樂觀，只要沒有談到錢的問題，都沒問題，容易滿足現況。他如果願意花錢，代表他是重視你的。不管是享受生活還是物質上的禮物，你都會覺得他這是愛你的表現。他也會有家庭責任感，重視家人，所以他一旦成家後，就會比較愛家。但是，如果他沒有表現出這些行為，就要注意他是不是覺得把心思花在你身上不值得。
正財 -你希望,你會希望他可以多花錢在你身上，因為你覺得他願意花錢，代表他是重視你的。不管是享受生活還是物質上的禮物，你都會覺得他這是愛你的表現。你會要求他生活要踏實地過。如果，他願意把錢投資在你身上，讓你變得更好，你會更滿足。你希望他能更給你一種温暖的感覺，更樂觀一些，能夠幫你負擔生活會更加分，對你能更認真負責會更好，也需要多一點家庭觀念。
正財 -但是他,但是，他有時候太過重視金錢，顯得吝嗇，斤斤計較。有時候談錢的事情變了個態度，要他花錢卻要談條件，實在讓你不舒服。凡事思前想後，不果斷不決斷，有時候太拘泥於瑣碎事情，也沒辦法馬上隨機應變處理事情。其實也還蠻懶惰，缺乏進取心，做事欠缺魄力。
偏財 -他欣賞,他喜歡你花錢慷慨大方也不吝嗇，屬於花錢買開心，喜歡有素感的生活，生活多變化。他也喜歡你願意花錢在他身上，也願意買禮物送他。同時，也欣賞愛賺錢、賺快錢的態度，尤其是如果你做生意或做老闆，他會很支持。
偏財 -他希望,他希望你做事能隨機應變，做事能更彈性一些。做人慷慨大方更好，你大方花錢在他身上他會很開心，交往期間能一起享受玩樂更好，坦白來說，就是吃喝玩樂他安排你花錢，他就最開心。他希望你的付出，都不要跟他談條件，等價交換不是大方，是討價還價。如果你懂得投資自己，很會賺錢會更加分。
偏財 -但是你,但是，你會顯得比較坦率，對錢不執著，有浪費的傾向，生活也不穩定，常常做超出能力範圍之外的事情，而被他責備。這樣，你的花錢習慣，他看在眼裡，心裡是不爽的，他努力賺回來的錢都被你花去了。你做事也沒有計劃，多變，做事三分鐘熱度，給他一種做事不真誠的態度。
偏財 -你欣賞,你欣賞他待人處事都比較樂觀，跟他在一起好像都沒煩腦。他對你大方慷慨，願意花錢在你身上，只要你讓他開心，他就會很捨得花，捨得買。而且，他不會虧待你，也只要你開心，他就會給你最好住的吃的用的。但是，如果他沒有表現出這些行為，就要注意他是不是覺得花在你身上不值得。
偏財 -你希望,你希望他做事能隨機應變，做事能更彈性一些，更懂得人情世故，再樂觀一些。做人慷慨大方更好，他大方花錢在你身上你會很開心，交往期間能一起及時享受玩樂更好，你想要的，他都買給你，你會很滿足。你希望他的付出是真心真意的，不再跟你談條件或討價還價。懂得財富自由的概念會更好，賺錢能力要更強。
偏財 -但是他,但是，他反而個性顯得比較奢侈，行動之前也比較不會多方考慮，不太有長遠的計劃，沒有實際的行動，也有浪費的習性，給人一種做事不真誠的態度，有時候會慣性說謊。而且，他異性緣很好，容易跟異性有說有笑不忌諱，不懂得跟異性保持距離，讓你也比較沒有安全感。他也喜歡跟異性聊天，也沒在避嫌，所以你也好困擾，好生氣。
天干,內容
甲 -他欣賞,他欣賞你有向心力，會想在工作上有更大的發展，做事會有自己的計劃，能札根於基礎上，為人正直也不易放棄，還能體諒別人。同時，也有仁慈心軟的一面，拜託你做事，你都願意去做。
甲 -他希望,他希望你能夠在事業上有目光長遠的發展或想法，做事有向上心一些，意志堅強一些，體諒別人多一些。
甲 -但是你,但是，你比較死愛面子，頑固不知妥協變通，欠缺敏捷性，會過於主觀，下定決心後就死不悔改，也會容易干涉他的事情。
甲 -你欣賞,你欣賞他有向心力，會想在工作上有更大的發展，做事會有自己的計劃，能札根於基礎上，為人正直也不易放棄，還能體諒別人。同時，也有仁慈心軟的一面，拜託他做事，他都願意去做。
甲 -你希望,你希望他能像一棵大樹保護著你，做事有向上心一些，意志堅強一些，體諒別人多一些。
甲 -但是他,但是，他比較死愛面子，頑固不知妥協變通，欠缺敏捷性，會過於主觀，下定決心後就死不悔改。他常認為自己是對的，所以，他沒有想要改變自己，對於他的個性，你覺得他根本死腦筋。
乙 -他欣賞,他欣賞你有柔順温和的一面，觀察力敏銳，好像總能察覺他的需求或想法。同時，你的EQ高，讓他覺得安心且舒服。而且，相處時你也有很好的協調性，可以建立互相遷就包容的關係。他欣賞你為人務實不浮誇，能多方面考慮，也就是三思而後行。
乙 -他希望,他希望你對他多展現柔順温和的一面，溝通上腦筋再快一點，高EQ會更好，一起處理事時需要你協調配合會更好。情緒再平穩一些會更好，懂得收㪘脾氣會更好，學會忍耐，也要學會給他面子。
乙 -但是你,但是，你為人怯懦，依賴心強，無法承擔大事，會常常因為事與願違而自尋煩惱，會對眼前面前的問題失去自信無法堅持。也會容易違背自己的心意和周遭的人妥協，責任心差了一些，經常經不起困難而改變心意。就是會用最簡單的方式去解決問題，忽略了其他因素。
乙 -你欣賞,你欣賞他比較柔順温和，腦筋快，判斷力敏銳，EQ高，處事有很好的協調性，做人也務實，能多方面考慮，也就是三思而後行。
乙 -你希望,你希望他對你再柔順温和多一些，處理事情的腦筋再快一點，吵架時能控制EQ會更好，做人也要再務實一點，跟你生活溝通協調更好一些。情緒再平穩一些會更好，懂得收㪘脾氣會更好，學會忍耐一些，學會給你面子。
乙 -但是他,但是，他為人怯懦，依賴心強，無法承擔大事，會常常因為事與願違而自尋煩惱，會對眼前面前的問題失去自信無法堅持。也會容易違背自己的心意和周遭的人妥協，責任心差了一些，經常經不起困難而改變心意。就是會用最簡單的方式去解決問題，忽略了其他因素。
丙 -他欣賞,他喜歡你會給他温暖，總是熱情地面對你，會感受到他有在照顧你，你的事情他也會表現得很重視。尤其是，你在一些場合上比較引人注目，也比較不計較，積極地著手幫忙，不拘泥小事，想法明確，不鑽牛角尖，他很欣賞你有這一面。
丙 -他希望,他也希望你能夠熱情積極多一些，爽朗大方多一些，不要太計較拘泥小事，不要轉牛角尖更好。
丙 -但是你,但是，你容易表現得急躁，很想要一個答案，有一點問題都斃不住，缺乏耐心，也比較自以為是，性情比較起伏，做事無法持久。心急追問過度，也會讓他反感，甚至要逃避你，不想看到你。
丙 -你欣賞,你喜歡他的熱情個性，尤其對人好客積極，爽朗大方，待人親切，不會拘泥小事，也坦率。但是他也比較衝動、性子急。
丙 -你希望,你希望他能夠對你熱情積極多一些，爽朗大方多一些，不要太計較拘泥小事，不要轉牛角尖更好。
丙 -但是他,但是，他的熱情較引人注目，常會在不自覺流露出熱情，所以很可能引發誤會，因此產生情感糾葛。有時候，也會有太過熱烈的言行而給自己招來麻煩。在一開始對待愛情，可能會有一股熱，急躁及衝動，所以雖然爆發力強，但是後勁及耐力卻是不夠的，所以只會常常講夢想，做什麼事都常發生三分鐘熱度。對待感情，很有主見，主觀過強也容易自以為是。
丁 -他欣賞,他欣賞你熱心助人，在感情上會有燃燒自我不斷付出的傾向，也有照亮別人的熱心。你外表沉穩，但實際內敏感。你也注重家人，會照顧後輩下屬，而且有禮貌。
丁 -他希望,他希望你能給他一種温暖的感覺，展現友善禮貌多一些，喜歡幫助別人會更加分，他也需要你讓他做個有光茫的人，做事能更認真負責會更好，也需要多一點家庭觀念。
丁 -但是你,但是，你會顯得比較保守，悶燒型，温度還不夠強的時候，會看不出你的表現，對一件事情會考慮很久，思慮深遠，行事謹慎。他根本不知道你在醖釀甚麼，他也認為你非常的被動，沒自信心。同時，你內心的敏感，容易讓他覺得你很脆弱，不表達又在那邊悲傷，讓他實在不知道要怎麼做。
丁 -你欣賞,你會喜歡他給你一種温暖的感覺，你會被他彬彬有禮的氣質給吸引住，他對你的事都比較熱心，也有種很上心的感覺，同時你喜歡他散發著一種魅力光茫。跟他共事，你發現他對份內事處理得認真及負責任。他的家庭觀念會讓你對未來抱有幻想及期待。
丁 -你希望,你希望他能更給人一種温暖的感覺，更有禮貌，喜歡幫助別人會更加分，能有照亮別人的一面會更好，做事能更認真負責會更好，也需要多一點家庭觀念。
丁 -但是他,但是，他卻是個悶燒型，温度還不夠的時候會看不出來的表現，但是他一旦認定了就會全力以赴。他也昰個能體諒對方的人，但是不太會講真心話的人。所以，你可以看他對你的表現，有沒有很認真，有沒有很付出，還是還在悶燒中？
戊 -他欣賞,他欣賞你顯得比較豁達樂天，有包容心，嚴謹耿直，不會巧言修飾，做事也比較慎重緩慢，做事堅持到底。你有一種個性的穩定度，給他有一種安全感，你是可靠的，所以他跟你在一起會感到安心。但是，你會比較以自我為中心，主觀性強，喜怒不形於色，欠缺通融性，不會去改變自己的想法或行為，做事也比較被動，在相處上比較笨拙，不會主動去計劃一些浪漫的事。
戊 -他希望,他希望你有成熟穩重感，豁達一些，開朗一些，做人耿直，樂天也不善修飾，做事也帶條理也有計劃。他希望你是他的靠山，做事能靠得住你，能夠拜託你，你做事他放心更好。
戊 -但是你,但是，你會比較以自我為中心，主觀性強，喜怒不形於色，欠缺通融性，不會去改變自己的想法或行為，做事也比較被動，在相處上比較笨拙，不會主動去計劃一些浪漫的事。
戊 -你欣賞,你欣賞他有成熟穩重感，像一座大山給你靠著，懂得包容忍耐，有安定冷靜的感覺，也講求信用，能給你足夠的安全感。做人耿直，樂天也不善修飾，做事也帶條理也有計劃。
戊 -你希望,你希望他豁達一些，開朗一些，做個堅持到底的人，你也期待他能成為你的靠山。希望他能有一種安定冷靜的感覺，懂得包容忍耐，講求信用，能給你安全感。
戊 -但是他,但是，他會比較以自我為中心，主觀性強，喜怒不形於色，欠缺通融性，不會去改變自己的想法或行為，做事也比較被動，愛情路上比較笨拙，不會主動去計劃一些浪漫的事。
己 -他欣賞,他欣賞你有豁達樂天的一面，對他也有包容心，處事嚴謹慎重，對於感情事不會巧言修飾，欣賞你對感情堅持到底。同時，你有一種個性的穩定度，給他有一種安全感，你是可靠的，所以他跟你在一起會感到安心。但是，你會比較以自我為中心，主觀性強，喜怒不形於色，欠缺通融性，不會去改變自己的想法或行為，做事也比較被動，在相處上比較笨拙，不會主動去計劃一些浪漫的事。
己 -他希望,他希望你能夠多展現穩重的一面，對他的語氣再温柔一些，對於他的錯誤或誤會再寬容多一些，能夠更懂得照顧他的感受或生活會更讓他開心，對於他的需求或他的生活再用心一些。
己 -但是你,但是，你顯得比較保守，比較沒有主見，容易被左右，耳根軟，容易茫然失惜，容易消極不理性，別人一句話就妥協。而且，人性格異常固執，很難改變你所認定的事實。你也不太會說甜言蜜語，也不活潑，且又不主動，所以跟你談戀愛，他會覺得無趣。
己 -你欣賞,你欣賞他為人敦厚，你會被他的善良及踏實穩重吸引，而且他的安靜柔順讓你感到安心，對你也顯得寬容，會從細節裡悉心照顧你的所有，對於你的事情也上心，是個會默默耕耘的人。
己 -你希望,你希望他能夠多展現穩重的一面，對你的語氣再温柔一些，對於你的錯誤或誤會再寬容多一些，能夠更懂得照顧你的感受或生活會更讓你開心，對於你的需求或你的生活再用心一些。
己 -但是他,但是，他顯得比較保守，比較沒有主見，容易被左右，耳根軟，容易茫然失惜，容易消極不理性，別人一句話就妥協。而且，人性格異常固執，很難改變他所認定的事實。
庚 -他欣賞,他喜歡你的內心，為人果斷，直來直往，不喜歡轉彎抹角，喜歡聽重點。個性倔強，遇強則強，自尊心更強，會積極去行動，去找方法去達成目標，多於花時間去煩惱，重視朋友跟重義氣，會為不公平的事情打抱不平。
庚 -他希望,他希望你能夠更果斷一些，乾脆，能積極行動會更好，說話不要轉彎抹角，講話要講重點。做人活得更有自尊一些，意志力更堅強一些。希望你能夠獨立一些，像個強者一樣會更好，任何事都自己處理，不要給他添麻煩，自動自覺去做自己該做的事情更好。
庚 -但是你,但是，你都會容易因為不喜歡而毫不留情地想批評，說話太直接，不會轉彎抹角，有時候會講出不適合場面的說話，而不自知。你也容易鐵齒，放棄就放棄，再喜歡也會愛面子而不要了。，所以也讓他覺得你不好相處，他也不敢多說，就是怕你一句反對他，而你不覺得是個問題，旁人都覺得你的第一反應不好相處。
庚 -你欣賞,你喜歡他乾脆果斷做決定，做事意志力堅強又不服輸，面對困難遇強則強，會積極去行動及解決問題，也會積極去找方法去達成目標多於花時間去煩惱，重視朋友跟重義氣，如果你受委屈了，或是會為你的事情而打抱不平。
庚 -你希望,你希望他對你心思細膩多一些，做事更有主見，反應要快一些。能夠觀察到你的各方面需求，對你更細心體貼和親切友善更好，帶他出門他要適應力更強一些，面對人際關係要更八面玲瓏。你希望他多打扮自己，外表乾淨整齊會加分。
庚 -但是他,"但是，他都會容易因為不喜歡而毫不留情地想批評，說話太直接，不會轉彎抹角，有時候會講出不適合場面的說話，而不自知。也容易鐵齒，放棄就放棄，再喜歡也會愛面子而不要了。他吃軟不吃硬，寧願兩敗俱傷也不服軟，如果長期沒給下台階，那你們就真的不適合繼續在一起。你們會冷戰很久，甚至互不相讓，從此感情冷淡。
 
 所以，一旦發現他變得說話難聽，就要注意他是不是對你冷淡了、或變淡了，讓他不喜歡了。"
辛 -他欣賞,他欣賞你比較適應力極強，心思細膩，做事態度干脆果斷，對各方面都很注意，為人親切，樂於助人，做人也八面玲瓏。雖然有時候會雞婆，會碎念，但是你自尊心強，也討厭丟臉，有時候帶有任性，堅持自己而不退讓。以上，他也能接受及包容。
辛 -他希望,他希望你對他心思細膩多一些，做事更有主見，反應要快一些。能夠觀察到他的各方面需求，對他更細心體貼和親切友善更好，帶你出門你要適應力更強一些，面對人際關係要更八面玲瓏。他希望你多打扮自己，外表鮮亮麗會加分，也希望你培養及表現更有氣質。
辛 -但是你,但是，你有時候自尊心強，表面妥協，也不甘情願被折服，太任性，堅持自己而不退讓。完美主義明顯，也帶點強迫症。有時候，你熱心過度，反而造成他的困擾。爭吵時，冷戰可以將時間拉得很長很長，會有得理不饒人的架勢。所以，你不改掉這習性，再愛你的人也受不了長期冷戰，冷戰的期間也有機會讓別人趁虛而入，他跟別人曖昧了，你還在那邊冷戰。
辛 -你欣賞,你欣賞他對你有心思細膩的一面，做事態度也干脆果斷，對各方面都很會觀察及注意灓節，對你的態度很親切，平常樂於助人，處理人際關係也表現得八面玲瓏，讓你覺得他蠻可靠，或是安心。
辛 -你希望,你希望他對你更心思細膩多一些，能夠觀察到你的各方面需求，對你體貼親切更好，在處理人際關係時，可以更八面玲瓏一些，會讓你覺得他其實可以是個可靠的人，或是保護你的人。
辛 -但是他,但是，他有時候自尊心強，表面妥協，也不甘情願被折服，帶有任性，堅持自己而不退讓。完美主義明顯，也帶點強迫症。爭吵時，冷戰可以將時間拉得很長很長，會有得理不饒人的架勢。
壬 -他欣賞,他欣賞你有外向的一面，活潑，帶點任性，感情豐富。社交能力強，有口才，主動積極，能適時表現自己，到處交朋友，待人寬容。
壬 -他希望,他希望你能夠更寬容一些，圓融一些，樂觀一些，對任何事都能熱情參與，再多交一些朋友會更好。
壬 -但是你,但是，你有時候容易虎頭蛇尾，會有不切實際的想法，雖然做人圓融但是也會任性，容易有怠惰而依賴他人的習慣，對事容易不堅持，對異性容易付出心思過多，沒有節制，讓他容易吃醋。
壬 -你欣賞,你會欣賞他做人寬容，不執著，樂觀，喜歡幫助別人，懂得社交。他陪伴你待在人群裡，總是可以給你安全感。而且，他跟人溝通也比較風趣幽默，帶他出場也不會丟臉，他自得其樂。
壬 -你希望,你也會希望他能夠更寬容一些，圓融一些，樂觀一些，對任何事都能熱情參與，再多交一些朋友會更好。
壬 -但是他,但是，他有時候容易虎頭蛇尾，會有不切實際的想法，雖然做人圓融但是也會任性，容易有怠惰而依賴他人的習慣，對事容易不堅持，對異性容易付出心思過多，沒有節制，讓你容易吃醋。
癸 -他欣賞,他欣賞你的內向個性，做事勤奮又很努力，為人正直踏實。你的重感情重道德也讓他感到安心。而且，你對他情感細膩，更豐富了你們的感情生活，他也喜歡跟你一起的生活情趣。
癸 -他希望,他希望你對他可以多一點同情心，一起處理事情時要冷靜清醒一些，對他的態度再溫和一些，對他的情感再細膩一些，也希望跟你在一起可以多一些生活情趣。
癸 -但是你,可是，你對他的態度容易拘泥小事，容易悲觀，遇到問題則會都往壞處想，解決問題也欠缺通融性。你太在意小細節，跟他溝通也常鑽牛角尖，也比較重視沒意義的事情上。所以你在感情上會顯得比較脆弱負面，優柔寡斷，活在自己的世界裡，喜歡幻想美好的愛情，所以你會有自己理想愛情的一套做法，你的期待對他來說有點不切實際，他不知道怎麼實現去滿足你。
癸 -你欣賞,你欣賞他內向，勤奮又很努力，正直踏實。你重感情重道德，而且，你的情感細膩，感情豐富，也重視生活情趣。
癸 -你希望,你希望他能更有同情心，處理事情要冷靜清醒一些，再溫和一些。面對愛情時，對你的情感再細膩一些，也希望能多重生活情趣多一些。
癸 -但是他,可是，他顯得比較拘泥小事，容易悲觀，凡事都往壞處想，欠缺通融性。他很在意小細節，常鑽牛角尖，也比較重視沒意義的事情上。所以他在感情上會顯得比較脆弱負面，優柔寡斷，活在自己的世界裡，喜歡幻想美好的愛情，所以他會有自己理想愛情的一套做法。
結尾,內容
他喜歡你沒有,整體來說他喜歡的特質你也都沒有的，所以，他對你沒有完全愛上，也是情有可原。也所以，他在你身上也只看到缺點，也把缺點放大，沒有把優點拿來欣賞。久而久之，就會失去新鮮感，產生厭惡感，一時運滯就容易做錯事，萬一出軌也不回頭。
你喜歡他沒有,整體來說你喜歡的特質他也都沒有的，所以，你對他沒有完全愛上，也是情有可原。也所以，你在他身上也只看到缺點，也把缺點放大，沒有把優點拿來欣賞。久而久之，就會失去新鮮感，產生厭惡感，分開也不想回頭，只是被「相處久了不捨得」。
彼此也都沒有,整體來說某些特質你們彼此也都沒有的，所以，你們對彼此沒有完全愛上，也是情有可原。也所以，你們在彼此身上也只看到缺點，也把缺點放大，沒有把優點拿來欣賞。久而久之，就會失去新鮮感，產生厭惡感，剛好磁場不好，就容易說散就散。
請常常表現,請常常表現他欣賞你的特質，基本上要留住他，吸引他靠近你，是沒問題的。撇除其他相處問題，請多讓他多愛你一些，就是如剛剛所說，多表現自己原本有的特質，他自然也會越愛你越深。同時，也要縮小自己的缺點，他其實都有看在眼內，不爽都是累積的。
你們的需求都一樣,你們的需求都一樣的，只是你們都沒有先踏出第一步去滿足對方，更無奈的是，你們也不知道如何把「期望」變成「行動」，才會發生「你們在往外求，卻沒有得到任何回應」。也是代表說，你們都沒有以上做出的特質，所以你們就算知道，也做不到位。
成為「他喜歡的人」,但是，你可以選擇成為「他喜歡的人」還是「做我自己」，當然各有各的優缺點，你不能為了他而完全成為自己不喜歡的模樣。
攻略,內容
正官,"🌹如何讓他更愛你？⬇️
 
 📍關鍵字：聽話、守規矩、比他厲害、責任
 📍渴望的愛情：一切在他掌握之中，愛情就是一種責任，怎麼負責任，就要怎麼守規矩，同時，他也要愛情的主控權，他開口要就要，不要就不要，不要為難他，也不要強迫他。
 
 📍如何做：要嘛比他強，要嘛你聽話。例如，男生方面，差別會比較明顯易懂，有一個男生很愛慕上司，其他同事就會覺得人家是強者餒，你hold不住的，但是他就很愛職場強者，特別有魅力，只要你夠厲害他就心甘情願被控制。相反，他已經在職場上就很厲害了，他就會找聽話聽命令的，符合他愛情系統、也要符合他愛情制度的伴侶，滿足他愛情的責任感。
 
 一：《聽話》你喜歡他，就必須對他表現出你的忠誠、可靠、服從。讓他覺得你可控制，說不定他把你考量到他的愛情系統裡。不然就是，比他厲害，你控制他。
 
 二：《符合》他的愛情也是一場制度，追求穩定也是他的愛情目標，所以他心中會有一個屬於他的愛情系統，不允許有錯誤漏洞，發現你error太多，或是發現你不符合他的系統，你就等著被淘汰。同時，他創造這個愛情系統出來，會有一個固定的模版在，所以他一定是有模擬出他想要的情人是長怎麼樣，你必須要套話，然後把自己打扮成裝成那個樣子，很大機會會中喔，因為他不太會變化，他想要那種情人就是那種。
 
 三：《共同目標》剛剛說愛情也是一種責任，他會為愛情負責到底，所以他的正經八百，是會讓你有可以成家立室的安全感。他的愛情目標，也就是交往以結婚為前提。他對你的各種考量，也是會牽涉到家庭，你適不適合當個好老婆，顧不顧家，跟家人相處融不融洽。所以，跟他交往，就要有個覺悟，很大機會會結婚組織家庭。"
七殺,"🌹如何讓他更愛你？⬇️
 
 📍關鍵字：馴服、以柔克剛、奮不顧身、霸氣、挑戰性、刺激感
 📍渴望的愛情：他要的愛情很戲劇化，要嘛轟轟烈烈，要嘛會有犧牲的情節。
 
 📍如何做：先確認他對你的態度，有沒有喜歡你一定感受得到，因為他就是很直接，喜歡討厭都寫在臉上。如果你不是他的菜，他也會很清楚地讓你知道。有機會的話，你就別在那邊胡思亂想，沒機會的話，也可以先放棄了。
 
 一：《刺激感》請你一定要有底氣，自信心，才會讓自己的霸氣展現出來，比他更MAN沒關係，這個表現會讓他覺得很有魅力。要激起他想要征服你的慾望，用盡各種床上的招式，各種妖媚的服裝都能讓他感到無比的激動。如果，你是個乖乖情人，不懂得「小賤貨」的風格，請你也要學習起來，先從情趣睡衣開始，PHONE SEX（遠距離適用網愛），多拍一些性感照片給他，再從中摸索他的喜好。否則，你不學習，他只會找「其他綠茶婊」。
 
 二：《馴服》要先摸清楚他的脾性，知道有什麼不可以碰，有什麼可以多做。在他有所求的時候，順著他做，他要多刺激就有多刺激，他有多好動就多好動，你的重點是要先操累他，再給予他温柔的愛意，這個愛意不是約束他的自由，也不是限制他的行為，而是在他發洩完了，給予擁抱以及陪伴。讓他體悟到愛情，不只是一場煙火，而是一場充滿激情又充滿溫暖的遊戲。
 
 三：《滿足》要盡量地滿足他的大男人大女人主義，讓他充滿勇敢、充滿自信，支持他的理想，陪他面對挑戰。然後在他在外面打拚，碰到瓶頸傷痕纍纍的時候，適當安撫他、安慰他。當他知道你不只是他的情人，更是他的避風港時，他就會把心交到你的手上。"
正印,"🌹如何讓他更愛你？⬇️
 
 📍關鍵字：依靠、依賴、照顧、安心、關心
 📍渴望的愛情：安全感來自於被照顧的安心，愛情裡就是要互相照顧起居飲食，而且也認為愛情的最終模式就是導向家庭生活的模式。所以，他都是傾向於要找一個好老婆的角色，沒辦法接受老婆不顧家，要出去可以、要工作可以，但請先以家庭為重。
 
 📍如何做：好好地照顧他，讓他依賴你，讓他安心，像是把整個世界給了他。
 
 一：《創造讓他依賴的機會》在生活上、工作上，你多幫助，你懂的一定要比較多，就算不懂也要學，長期下去，就會依賴著你。其實他有很多事情都會，但只是他懶得去做，如果你能幫他做，做得比他好，他就會以崇拜的心愛著你，因為除了你，沒有人願意做，沒有人做得比你好，他根本離不開你。
 
 二：《迷惘時給予光明》適當的安慰、適當的給予建議都是有很大的幫助，尤其是迷惘的時候，最需要你的同理心跟同情心，脆弱的心靈是很需要被照顧的。所以，當你發現他好像失落了，一定要馬上去關心，否則你會錯失良機。除了生活的照顧，也要懂得情緒上的照顧，同理心很重要，你可以不懂，但一定要讓他安心地發洩出來，用温柔的語氣建議他，用陪伴的角度幫他走出困境。
 
 三：《工具人》做他的工具人，一定做得很有成就感，因為你追求的人，一定會被你感動。他喜歡你的照顧，喜歡你為他安排一切，他不用動腦動手。在你想命令他的時候，可以請他做簡單又輕易的事情。例如，你幫他辦理登記手續，幫他排隊問問題，你就請他拿行李，顧行李，幫你買飲料等等，這些簡單又不複雜的事情。這樣的分配，他會很樂意幫忙。例如，你約會你先訂好餐廳飯店，預約好活動，他只要當你的司機，幫你找路，就是最舒服的相處方式。"
P,"🌹如何讓他更愛你？⬇️
 
 📍關鍵字：忍耐忍受、耐心包容、深研
 📍渴望的愛情：有人能欣賞他的想法，接受他的規矩，理解他的感受。他的想法總是規矩變來變去，難以捉摸，其實他也不知道自己的規則是什麼，所以一不小心就會惹他不爽。所以，他很需要一個理解他的人。而且他的想法特別的刁鑽，他需要一個能夠聽他分享他喜歡研究的樂趣。所以，欣賞他的人不多，如果你能夠支持他、欣賞他的話，他一定會很開心。
 
 📍如何做：不要為了想要贏他而跨越他內心的底線，也不要為了想要激怒他而一直試探他的底線，他會記仇的，他還會在某天他不爽的時候，用你不喜歡的方式去對付你。
 
 一：《嘗試了解他的興趣》從了解他的興趣開始去聊天，慢慢引導他講出更多這方面的想法，同時，也請表現出你的欣賞與贊同，適時的鼓勵跟讚賞，你一定會在他的異性朋友中突圍而出。
 
 二：《當一位聆聽者》在愛情裡面，他可能會比較重視自己的興趣多於愛情的煩碎雜事，所以要你想吸引他的注意，或是想要更多互動，請讓他表達他對興趣的各種想法，他會滔滔不絕，欲罷不能地跟你分享。
 
 三《用熱情融化他的心》雖然外表寡言、冷淡，有個性，但是其實他很吃熱情這一套，主動聊天，熱情對待，他也是會被融化的。"
比肩,"🌹如何讓他更愛你？⬇️
 💓伴侶是朋友，共同創造回憶。💓
 
 📍關鍵字：伴侶是朋友、慷慨大方、愛分享、共同進退、日久生情
 📍渴望的愛情：他喜歡的伴侶是可以跟他作好麻吉，陪伴彼此，一起共同挑戰新事物，一起創造回憶。所以，他可能喜歡的談情/約會方式，會是一群人去玩，從中跟你培養感情，也可以說是，喜歡《從朋友開始日久生情》。
 
 朋友的定義就是，會喜歡黏著去玩樂但又不會太黏非要跟你出去不可，彼此幫助又保留獨立空間。你跟他是平等的，朋友互相尊重包容扶持。所以，請你表現出《慷慨大方》《愛分享》《共同進退》的態度。
 
 📍如何做：上面提及過，他喜歡《朋友》的感覺，所以請不要一直製造二人世界。請記住，他沒辦法接受，生活只被愛人給綁住，所以他選擇的情人必須要有獨立的能力，他不喜歡麻煩的感覺，對他來說，愛是不等於糾纏。
 
 一：《獨立自主》如果你不夠獨立，每天都要黏在一起才有安全感，或是你享往朝夕相對的愛情故事。如果你不夠自信，常常因為他跟朋友出門而胡思亂想，或是 奪命追魂Call。你就會憑實力單身，憑實力分手💔 你們就會不斷吵架，無法解決問題，無法接受彼此的想法。BYEBYE
 
 二：《融入他的社交》他會從朋友聚會裡觀察你的一舉一動，他喜歡熱鬧中跟你建立曖昧關係，也喜歡在人群裡偷偷摸摸。如果，你是一個會跟他朋友主動聊天的人，絕對加分。如果，你很會做嫂子，朋友都誇獎你，朋友都說他交到好情人，他都會聽得進去，他喜歡從朋友的嘴巴中肯定你。所以，要討好你的對象，請先做好嫂子的本份。
 
 三：《讓他有面子》當他願意帶你給朋友認識，代表他覺得你能夠讓他有面子，他帶你出場是他的面子。如果，你讓他出糗，講他他不好，說他糗事，他會從此不想再讓你融入他的生活，你就等著被分手。如果，你能夠接納他的朋友圈，你會發現他會更懂得疼愛你。"
劫財,"🌹如何讓他更愛你？⬇️
 
 📍關鍵字：搶手、抬高身價、保持新鮮、外貌協會
 📍渴望的愛情：他就是要爭奪最有價值的東西，不管是抽象的愛情，你的美麗動人的外表，還是充滿慾望的未來。只要他覺得好覺得有價值的，他都想要得到。他享往追求美好的過程，也享受著得到寶物的感覺。
 遇到喜歡的人，會馬上積極地追求。根本不用猜他的心意，夠喜歡就會撲上來，主要獻欣勤；相反，如果也沒有很積極，老是常出現，就代表沒有把你看在眼內。
 
 📍如何做：你要成為他的獵物，讓他覺得你值得、你搶手、你有趣，總之就是讓他有衝動出去得到你的慾望。就算他只是跟你曖昧過一陣子，但是當有其他對手時，他也是會被激發起他爭奪的原始本能，變得緊張你。他會以為自己走漏眼，以為是自己沒發現到寶物。
 
 一：《保持身材及漂亮打扮》你越有價值，他就越覺得搶得有光彩、搶得有價值。而且，劫財的價值判斷，是來自於競爭者的出現，競爭者越多，你就判定你越值得，一定是個好情人。所以，首先外表一定打扮得要光鮮亮麗，他才注意到你的存在。
 
 二：《營造競爭者》營造自己很多人追的假象，例如假裝不好約、限動po跟異性朋友在一起、也可以跟異性朋友聯手出擊。越難得到，越要搶到底。
 
 三：《成為有價值的目標》盡量表現自己的美好的一面，再故擒於蹤，激發他的積極度。所以，千萬不要馬上答應他交往，他的火就會馬上熄滅，他就覺得太簡單了，很快新鮮感就沒了。"
食神,"🌹如何讓他更愛你？⬇️
 
 📍關鍵字：享受、美食、趣味、興趣、儀式感
 📍渴望的愛情：他期待著有這麼的一個人，能夠陪伴他一起探索生活的樂趣。他的生活樂趣就是在平凡的日子裡不經意地發現驚喜，也可以說是生活情趣，或者是儀式感。
 
 📍如何做：你帶去吃喝玩樂他最開心，不一定掏大錢去高級餐廳，也不一定要出國旅遊。但是一定要是，他有興趣的事物，他想做的事情，他期待的事情。
 
 一：《欣賞他的夢想》他會以興趣為工作，所以，你要欣賞他的工作態度，欣賞他的夢想，欣賞他的堅持。如果，你曾經反對或嘲笑過他的興趣，他一定不屑再跟你聊天，他的清高你根本不懂。如果，你真的真心地欣賞他，請拿出你的勇氣去支持他完成他的夢想。
 
 二：《發掘共同興趣》接近他的方法，最好是從興趣開始，你們可以一起發掘新事物，也可以追隨他的興趣。總之就是從興趣入手，只要找到共同興趣，話題就會源源不絕，你可能會覺得他只談興趣會很無聊，但無可否認，他當作這是他的生活情趣。如果你喜歡他，請你多做功課，有空研究一下，才能創造話題。
 
 三：《重視品味或氣氛》無論做任何事，都要讓他覺得你很有心，寧願要多做，都不要做少。請重視他的品味，在重要日子，請訂桌請他吃有格調的餐廳。送禮物，絕不馬虎，要能配上他品味的禮物，否則會被唾棄。製造浪漫，請多帶他去生活以外的空間，只有你和他，配上賞心悅目的環境，讓他好好放鬆。平常在家，也要多花心思，怖置牆壁留下你跟他的回憶，要唯美的，不突兀，符合他家格調的擺設。如果，你對這些毫無頭緒，你要多套話，一起共同完成也是浪漫的愛情。"
傷官,"🌹如何讓他更愛你？⬇️
 
 📍關鍵字：稱讚、棒場、支持、忠粉
 📍渴望的愛情：他是主角，你就是他的配角，不能太笨，不能什麼都不懂，你可以不厲害，但是要做個神隊友。在愛情裡，他習慣表現自己，他希望把最好的事情做到最好，他渴望的是得到肯定，所以你只需要在旁邊聽他的分享，肯定他的能力，他就樂此不倦。至少，他希望在你的眼裡，他就是與眾不同的存在，他就是有厲害的能力，期待著有人對他另眼相看，在你的世界裡，他就是獨一無二。
 
 📍如何做：你不聰明沒關係，你跟不上他腦袋的步伐沒關係。但是，你要學會找出答案，比他快拿出答案，比他更肯定自己找到的證據。持續下去，他不會跟你再爭下去，爭不下去，只能聽從你的，因為讓他覺得你是對的，他才會學會閉嘴。他知錯了，不要迫他道歉，反而是給他一個擁抱，說明你包容他。
 
 一：《當他的觀眾》在他表現自己的能力的同時，表達自己的愛幕也是非常的重要，不是單靠幾句讚美就能俘虜他的目光。而是，你要真誠的請教，他講的你要記住。在愛情裡，他很注重細節，所以有時候設計一些小巧思，看誰聰明看誰有心，懂得他背後的意思。所以，跟他交往不能太笨就是這個意思。他就是在期待那一位，破解他密碼的情人。
 
 二：《睜一隻眼閉一隻眼》他可能會在表現自己的同時誇大自己的能力或是經驗，但絕不能戳破他的說話技兩。適時的給予欣賞就可以了，他說的你可以只聽一半，到他真的有做到出去，你再全力去誇獎他。
 
 三：《撒嬌就會心軟》他其實也很愛面子，所以他做錯事，他會用很多的理由或藉口去掩蓋，他不見得會說謊，但是他很會轉移話題跟包裝自己的言辭。你這時候逼他認錯是不行的，你跟他一樣轉移話題，撒個嬌，他就心軟了。其實他會知錯，但你要給他下台階，他就會給好給滿回罪禮。在愛情裡，要爭的不是一句道歉跟認錯，而是雙方達成的共識，再來溝通都是最好的。"
正財,"🌹如何讓他更愛你？⬇️
 
 📍關鍵字：老實、實際、節儉持家、穩定
 📍渴望的愛情：他期待著温馨的家，伴侶一定要節儉持家，認為穩定的經濟來源，是鞏固家庭的必要因素之一。他的要求不多，就是期待伴侶跟自己一樣，都是以家庭為優先。
 
 📍如何做：他就已經在衡量你到底有沒有給他一個家的感覺，或是你能不能承擔家庭責任。他考量的位置就是你對家人的態度，平常有沒有家庭活動，以及他把你帶回家之後，他的家人對你的評價是好是壞。
 
 一：《老實賺錢》賺錢的方法有很多種，但一定要老實，不貪不騙，而且還要是你做得到的事情，不要在他面前畫大餅，講得很厲害又不去做。或是，在他面對只講賺大錢，又沒有實際的計劃，他根本看不上眼。不是代表一定要做上班族，而是有賺錢的計劃，實際的操作，有相對應的回報，有穩定的收入。
 
 二：《表現愛家》愛家的表現一定要有，例如安排週末陪伴家人，送禮物送紅包給家人，過年過節日都會跟家人一起度過。這些都能留下好印象，也會激發起，他對你的幻想，幻想著未來組織家庭的畫面。這就是他平淡又温馨的愛情故事。如果，你是追求刺激浪漫，那他給不了你，他只會給你一個安心的家。
 
 三：《節儉不奢華》節儉不是窮酸，而是花得值得、花得實在、花得滿意。例如，你想要增值自我，你選擇投資自己的腦袋，去上課也好去讀書也好，他都很欣賞，如果你學完還可以用來賺錢，絕對能加分。建議是來學八字，他欣賞你的同時，也懂得運用滿足他的胃口。"
偏財,"🌹如何讓他更愛你？⬇️
 
 📍關鍵字：得不到摸不透、花得開心、熱臉貼冷屁股、情人曖昧
 📍渴望的愛情：有著情人的互動，曖昧的挑逗，二人世界為主。不需要太黏的關係，保留愛情的神秘感，他的浪漫感覺來自於一直猜你的心思，猜對了有獎勵，猜不對沒關下次再努力。
 
 📍如何做：
 
 一：《摸不透》忽冷忽熱地對待他，時而撒嬌，時而冷淡，就是摸不透。好像有又好像沒有的感覺，還要讓他有追求的緊張感。該撒嬌的時候很撒嬌，大部分時間都是比較專注工作冷漠形。對他來說，熱臉貼冷屁股就是有追求的感覺。
 
 二：《得不到》因為得不到，他就會花各種心思去滿足你。所以，真的是越拒絕，他就越主動積極，總之要讓他覺得你難追。你的他，特別喜歡這種像貓咪的情人，把自己想像成貓咪，去對付他，一定中。貓咪個性：心情一般會顯得高儌，心情好又很會撒嬌黏人，黏完後就會自動離開。
 
 三：《要CP值好的》他離不開錢的問題，不一樣的就是花錢要花得開心。但是，同時你還要學著讓他花得開心又有賺到的感覺，就是要找高cp值的東西，不能讓他用太差、住太差，否則他覺得你這個人沒品味，配不上他。他其實很愛玩，但是他總是在花錢之前考慮值不值得的問題，不是他不捨得花，而是他還在找同一樣的東西，有沒有其他地方可以玩得更多更開心。而且，只要他愛你，基本上你任性一點說你喜歡你開心，他都會花錢，花錢是因你而值得，你開心他就開心。"
情絲（你）,內容
合局,在你的命盤中，不管伴侶是誰，你都會顯得比較在意、重視，付出卻沒有同等的回報或被愛，明明自己很投入這段感情裡，也覺得自己很好溝通，但每每都是自己受傷害，自己的喜歡好像是一廂情願的付出。這是因為，你還沒遇上跟你一樣有命盤有「合局」的人，所以你就會在每段感情中，感覺不對等，也不被愛。（沒有「合局」的人 ＝ 他不會像你一樣，同樣地付出感情在對方身上。）
害局,"在你的命盤中，你就是帶一個害局，意思是無論伴侶是誰，他都會比較不好溝通，多爭執，容易貌合神離，聚少離多，容易悲觀。他對你的表現，他很愛你寵你卻是嘴巴不好，講一些刺激挑釁你的話，也容易在吵架時各種反對，不認同你，酸言酸語。你講甚麼，他都不要，不去，不做，讓你很煩惱。你也常因為他，而把自己夾在中間，無論是發生怎樣的狀況，你們都沒辦法達成協議，他也不會退一步，只會為難你。
 
 建議，你真的要破解命盤中的夫妻害局，做「愛情療癒組合」有用，但是直接破解會比較能夠擋住他對你不好的磁場，「愛情療癒組合」是增温的催情方法。如果，不去破解，就會持續被冷暴力對待。"
一合一害,"一個很愛很投入，另一個愛理不理，交往根本是自虐，「愛的表現」就有很大的差別及相反，一方是無怨無求地付出，只想換來「被愛」的感覺，但一方則是無論在愛不愛的情況之下都呈現「嫌棄」「冷淡」的表，都會讓彼此很難受，在愛情中越來越卑微地愛。而且，越求愛，就會越放肆，吵架時會更加過份地冷暴力。彼此也不會太改變他的方式，所以，你們也會有心累的時候。
 
 所以，在你們對彼此的態度就有很大的問題，雙方對待彼此都比較冷言冷語，而不關心，也不在意對方怎麼了，自己過好自己就好。所以，在沒有發生事情時，本來就已經很冷漠了，只是一方出現狀況，才來求温暖，卻忽略了你們本來的命盤磁場就是如此的惡劣。"
沖局,在你的命盤中，無論伴侶是誰，你的命盤磁場都會吸引到，伴侶容易跟你起衝突。所以，你們交往後，你會覺得莫名其妙，明明小事也能鬧成大事，明明不是你的錯也能講成你犯了大錯。相處之間，容易起伏大，也比較激烈。
刑局,但是，在你的命盤中，無論伴侶是誰，你會有自尋煩惱的傾向，溝通上有苦難言，有事不説，有心結鬱悶。也有「自己折磨自己」的現象自己走不出來。可能做某些事，讓你尷尬又不知道能不能講，或是想說些什麼又講不出口的情況。就是自找麻煩，容易想太多負面，想像很多不真實的幻想，讓自己越陷越負面，所以你這種負面想法及能量，是很容易影響他想要遠離你的。這是惡的循環，你越亂想，他越離開你，你越不安。
X,你在對待伴侶方面，都會比較沒有想法，也比較隨性，沒有想太多，所以整體而言，你會比其他情侶都較為平淡，有種隨遇而安「有就好就感覺，沒有也沒差」的感覺。所以，你本來對待他就這麼平淡時，就不能比較別人跟自己的浪漫差別，「比較」只會內耗你的內心，你也沒辦要求他能給你甚麼，因為你也沒做出甚麼。這是你本身的磁場 ＝ 沒想太多、平淡安逸。
情絲（你們）,內容
合局-你們,在你們的命盤中，不管伴侶是誰，你們都會顯得比較在意、重視，也願意付出，是非常好的命盤組合。也代表說，你們會互相對這段感情付出。但是，會有一個情況出現，就是太過在意而會有逼得很緊，想要操控對方的可能，最後會讓彼此喘不過氣，也覺得身心很累，容易活到你們二人的世界裡。所以，在感情關係裡，要學會取得平衡，否則愛過頭，就會很辛苦，想分手。
害局-你們,在你們的命盤中，無論伴侶是誰，你們的對象都會比較不好溝通，多爭執，容易貌合神離，對愛情容易抱有悲觀的態度。他對你更是冷言冷語，冷漠，容易冷暴力，吵架他會更不瞅不睬，你會覺得他很無情，他對你又愛理不理。他習慣不回應你的愛，也習慣不回答你的問題，他的態度讓你很不知所措，你也總是摸不清他的喜怒哀樂，但比較明顯的是，他對你是比較常處於不滿意的狀態，他心情好的時候說不定好一些，心情不好的時候，肯定是沒有丁點愛的保留。嚴重的是，說不愛就不愛，毫無轉機，他也會很狠心地斷聯，他就是這樣的折磨你。建議，真的要幫自己破解命盤中的夫妻宮害局，做「愛情療癒組合」有用，但是直接破解會比較能夠擋住害局帶來不好的磁場，「愛情療癒組合」是增温的催情方法。如果，不去破解，你這一生的感情悲劇只會重覆發生。
沖局-你們,在你們的命盤中，無論伴侶是誰，你們的命盤磁場都會吸引到，伴侶容易跟你起衝突。所以，每一段感情在交往後，你會覺得莫名其妙，明明小事也能鬧成大事，明明不是你的錯也能講成你犯了大錯。相處之間，容易起伏大，也比較激烈。
刑局-你們,在你們的命盤中，無論伴侶是誰，你們會有自尋煩惱的傾向，溝通上有苦難言，有事不説，有心結鬱悶。也有「自己折磨自己」的現象自己走不出來。可能做某些事，讓你尷尬又不知道能不能講，或是想說些什麼又講不出口的情況。就是自找麻煩，容易想太多負面，想像很多不真實的幻想，讓自己越陷越負面，所以你們這種負面想法及能量，是很容易影響他想要遠離你的。這是惡的循環，你越亂想，他越離開你，你越不安。
X-你們,你們在對待伴侶方面，都會比較沒有想法，也比較隨性，沒有想太多，所以整體而言，你們會比其他情侶都較為平淡，有種隨遇而安「有就好就感覺，沒有也沒差」的感覺。所以，你們本來就這麼平淡時，就不能比較別人跟自己的浪漫差別，「比較」只會內耗你的內心，也磨滅他對你的耐心。
情絲（他）,內容
沖局,在他的命盤中，無論伴侶是誰，他都會容易跟伴侶起衝突。所以，你們交往後，你會覺得莫名其妙，明明小事也能鬧成大事，明明不是你的錯也能講成你犯了大錯。相處之間，容易起伏大，也比較激烈。
合局-情侶,"在他命盤中，他渴望愛，他追求愛，常常在愛情裡慾求未滿，容易來一個愛一個，除非他遇上一個很滿意的情人，才會停止到處留情。否則，他容易因為「渴望」「不滿足」而移情別戀。他習慣心裡裝著一個他重視的人，習慣愛著一個人，如果你沒有被愛的感覺，就是代表他心中還有留了一個重要位置給別人（前任/最愛的人），或許他把愛轉移到別人（第三者）身上了。同時，要注意，他會不會留戀前任/追不到的異性，容易會有放不下「最愛」的可能，或是比較容易懷念前任。
 
 當他遇到很滿意的情人，一旦投入愛河，就叫不醒他，會非常戀愛腦，事事以你為先。他會表現得非常在意你，也願意對你付出，不求回報，他也很投入這一段親密關係裡，願意配合的需求，迎合你，所以，你往往都能得到他的照顧，他對你會是像公主的對待，你有需求他都會盡可能實現，也不怕勞累。同時，他會表現出他的專情專一，通常他是非常適合愛情長跑，細水長流的愛情《他沒有，就代表你不是他最愛的那位。》"
合局-曖昧,他命盤中帶合局，無論伴侶是誰，他都會非常在意伴侶，也願意對伴侶付出，不求回報，他也很投入這一段付出愛的關係裡，他也願意配合伴侶的需求，迎合她。同時，也要注意他即使沒有固定的伴侶，也肯定是他心目中已經留有一個位置給人了，所以他才會忽略其他異性，或是他現在只想在意某一個情人。
合局-小三,"他命盤中帶合局，無論情人是誰，他都會非常在意情人，也願意對情人付出，不求回報，他也很投入這一段付出愛的關係裡，他也願意配合情人的需求，迎合她。
 
 同時，也要注意，他現在是有情人的情況之下，他再怎麼樣曖昧花心，他的心始終會回到情人上，除非他已經心死了，要尋覓下一個情人。不然，他心中其實會有一個位置留給一個「她」。"
刑局,但是，在他的命盤中，代表無論伴侶是誰，他會有自尋煩惱的傾向，溝通上有苦難言，有事不説，有心結鬱悶。可能他做某些事，讓你尷尬又不知道能不能講，或是想說些什麼又講不出口的情況。就是自找麻煩，容易想太多負面，想像很多不真實的幻想，讓自己越陷越負面，所以他這種負面想法及能量，是很容易影響你們之間的感情的，尤其是主控權在他手上時，他就顯得更惡劣，你也很難靠近他。你無法讓他開懷一些的話，你也永遠走不進他悲觀的內心。
害局,在他的命盤中，無論伴侶是誰，他都會比較不好溝通，多爭執，容易貌合神離，對愛情容易抱有悲觀的態度。他對你更是冷言冷語，冷漠，容易冷暴力，吵架他會更不瞅不睬，你會覺得他很無情，他對你又愛理不理。他習慣不回應你的愛，也習慣不回答你的問題，他的態度讓你很不知所措，你也總是摸不清他的喜怒哀樂，但比較明顯的是，他對你是比較常處於不滿意的狀態，他心情好的時候說不定好一些，心情不好的時候，肯定是沒有丁點愛的保留。嚴重的是，說不愛就不愛，毫無轉機，他也會很狠心地斷聯，他就是這樣的折磨你。建議，真的要幫他破解命盤中的夫妻害局，做桃花供有用，但是直接破解會比較能夠擋住他對你不好的磁場，桃花供是增温的催情方法。如果，不去破解，就會持續被冷暴力對待。
X,而他，在對待伴侶方面，都會比較沒有想法，也比較隨性，沒有想太多，所以整體而言，他的態度會比起其他異性都較為平淡，沒有把對方的要求或期待放在心上，所以在愛情上會顯得比較遲鈍沒心思，這些都是命盤的影響，不能拿作他不喜歡你的理由。你也要學會愛自己，才能引導他學習愛你的方式，不然他只會沒有想法，而你郤一直懷疑他，所以不要過度求他愛你，你要先愛自己，他才懂得愛你。
情趣,內容
害局- 分手,"在你們的情趣交流上，情趣生活會比較不好溝通，多爭執，容易貌合神離，冷感，容易有負面想法，尤其是他對你會比較明顯。你們情話方面，會容易感到不滿意，或不夠滿意，即使溝通好也沒辦法做到有默契。情話不多，酸言酸語，幹話會比較多，自己聽了會不舒服。而且，你們也容易出現變卦，說喜歡就喜歡，不喜歡就消失。甚至會有互看不順眼的時候，有發生過關係，也有可能單方面覺得床事不合，沒辦法有情慾的感覺。或是，有床事的需求時，其中一方不配合，過程不滿足，不舒服。萬一遇上一個，能激發起你們情慾的人，就會容易出軌外遇，才會有「正宮床上功夫不好而不滿足」「小三讓我好舒服而不想離開」的情況，嚴重會有不能離開第三者的可能，因為第三者能滿足你們的胃口。
 
 所以，即使復合也不會有甜蜜的感覺，也不能用情趣去彌補你們之間的感情。"
害局- 情侶,"在你們的情趣交流上，情趣生活會比較不好溝通，多爭執，容易貌合神離，冷感，容易有負面想法，尤其是他對你會比較明顯。你們情話方面，會容易感到不滿意，或不夠滿意，即使溝通好也沒辦法做到有默契。情話不多，酸言酸語，幹話會比較多，自己聽了會不舒服。而且，你們也容易出現變卦，說喜歡就喜歡，不喜歡就消失。甚至會有互看不順眼的時候，有發生過關係，也有可能單方面覺得床事不合，沒辦法有情慾的感覺。或是，有床事的需求時，其中一方不配合，過程不滿足，不舒服。萬一遇上一個，能激發起你們情慾的人，就會容易出軌外遇，才會有「正宮床上功夫不好而不滿足」「小三讓我好舒服而不想離開」的情況，嚴重會有不能離開第三者的可能，因為第三者能滿足你們的胃口。
 
 所以，即使和好也不會有甜蜜的感覺，也不能用情趣去彌補你們之間的感情。"
害局- 曖昧,"在你們的情趣交流上，情趣生活會比較不好溝通，多爭執，容易貌合神離，冷感，容易有負面想法，尤其是他對你會比較明顯。你們情話方面，會容易感到不滿意，或不夠滿意，即使溝通好也沒辦法做到有默契。情話不多，酸言酸語，幹話會比較多，自己聽了會不舒服。而且，你們也容易出現變卦，說喜歡就喜歡，不喜歡就消失。甚至會有互看不順眼的時候，有發生過關係，也有可能單方面覺得床事不合，沒辦法有情慾的感覺。
 
 所以，即使和好也不會有甜蜜的感覺，也不能用情趣去彌補你們之間的感情。"
同氣 - 任何,在你們的情趣上，是有很特別的狀況，交往前「無話不說」，交往後「無話可說」，意思就是你們會因為一開始太好聊了，所以覺得彼此都有意思，也覺得很有默契，好像是天注定一樣，你們也覺得對方跟自己一樣，很同頻，是同類。但是，交往後，就是因為太一樣了，沒有互補的感覺，長期下來會理所然地覺得對方會懂，就沒有去表達或行動。最後，因為太熟悉對方，沒有新鮮感，也沒有互補的作用，就會變成「因為太了解對方，才會分手」的情況。
沖局-情侶,"在你們的情趣上，你們之間的溝通上比較有火花，有好也有壞，好的話就是讓彼此意想不到，可能會有新鮮感。壞的話，就是可能太過突兀而感到受打擊，不懂得接情話，顯得尷尬。或是，你們對床事有爭吵的時候，或容易對彼此有意見。如果，沒有打算生小孩，或未婚，建議要小心做好安全措施，否則緣份不足還是會有「先懷有小孩再結婚」的情況，婚後愛情基礎不足而常常吵架，最後分手離婚。所以，會結婚也不一定是姻緣終點站，也有可能是意外結婚。
 
 同時，就算不和，在表面上關係好，但是一旦回到家就會開始吵架，也會在家裡吵架，也比較常意見不合。
 
 建議，你要勾起他心中的慾望，盡可能滿足他的刺激感，不宜保守矜持，你可以多穿性感的衣服引誘他，多以曖昧情色的話題讓他對你有興趣，要注意有機會是，緣份不足，會把你當成炮友。"
沖局-曖昧,"在你們的情趣上，你們之間的溝通上比較有火花，有好也有壞，好的話就是讓彼此意想不到，可能會有新鮮感。壞的話，就是可能太過突兀而感到受打擊，不懂得接情話，顯得尷尬。或是，你們對床事有爭吵的時候，或容易對彼此有意見。如果，沒有打算生小孩，或未婚，建議要小心做好安全措施，否則緣份不足還是會有「先懷有小孩再結婚」的情況，婚後愛情基礎不足而常常吵架，最後分手離婚。所以，會結婚也不一定是姻緣終點站，也有可能是意外結婚。
 
 建議，你要勾起他心中的慾望，盡可能滿足他的刺激感，不宜保守矜持，你可以多穿性感的衣服引誘他，多以曖昧情色的話題讓他對你有興趣，要注意有機會是，緣份不足，會把你當成炮友。"
合局-情侶,"在你們的情趣中，你們其實也蠻喜歡調情，聽懂對方的甜言蜜語，也有默契。大家也投入這份交流上，情投意合。你們的床事也比較有默契，說明你們其實很歡愉，講情話雙方都覺得很心醉又甜，床事好溝通，好配合，情話不嫌多，因為都全盤接收，也能接話，互相甜言蜜語，粉紅泡泡。所以，有事吵架，麻煩用情趣解決，會馬上和好，對方要求就不要拒絕，對他來說，「性」就是原諒的一種。
 
 所以，建議你重拾一下，或是重頭來過，以曖昧情話，或是以你已知他的情慾點作切入，讓他重新再看上你一眼。但是，如果他沒心愛你，你還是會淪為「炮友」的角色。建議，多以情慾話題來勾起他的興趣，見面時，可以多有身體接觸，容易情到濃時失控。簡單的方法，就是以「逗他開心」為主軸，多主動情攻，他就會被你弄得心癢癢。"
合局-炮友,"在你們的情趣中，你們其實也蠻喜歡調情，聽懂對方的甜言蜜語，也有默契。大家也投入這份交流上，情投意合。你們的床事也比較有默契，說明你們其實很歡愉，講情話雙方都覺得很心醉又甜，床事好溝通，好配合，情話不嫌多，因為都全盤接收，也能接話，互相甜言蜜語，粉紅泡泡。
 
 所以，你們主要就是肉體歡愉的關係，性慾能夠讓他滿足。如果只有性慾，沒有生活共識及相處上的平衡，很大機會就變成他的「床上玩具」。"
合局-曖昧,"在你們的情趣中，你們其實也好溝通，互相配合，也有默契。大家也投入這份交流上，情投意合。所以，你們一旦有了曖昧的對話，就會很快陷進氣圍了，也很享受曖昧的行為及言語。在情話間，互相聽懂對方的甜言蜜語，也覺得很對胃口，他說什麼都能笑，自己也聽得開心，他也會懂得逗自己開心，在旁人眼裡，可能只是很普通的說話，但是你們雙方都覺得很甜，很曖昧，只有你們兩個懂。情話不嫌多，因為都全盤接收，也能接話，互相甜言蜜語，大家都享受著曖昧的粉紅泡泡裡。
 
 建議，多以情慾話題來勾起他的興趣，見面時，可以多有身體接觸，容易情到濃時失控。簡單的方法，就是以「逗他開心」為主軸，多主動情攻，他就會被你弄得心癢癢。"
刑局,"在你們的情趣上，你們在情趣上有說不出口，容易有尷尬感覺，沒辦法暢所欲言，避而不談，總沒辦法衝破關係。浪漫氣氛來了，也會讓彼此尷尬，也往往容易破壞了氣氛。也代表你們在表明心意這方面都有難以開口的感覺，不知道要不要跟對方說，常常有話說不出口，就這樣在心裡一點一點的累積，終究也是拖拖拉拉，雙方都不表態，怎麼相親相愛呢？有時候，在甜言蜜語上沒有共識，就會容易覺得對方不喜歡自己才不浪漫熱情，對現階段的戀愛關係抱著「他隨時離開我」的想法，其實就是刑局所帶來的胡思亂想而自卑沒自信，才更加不敢說出口。自己的負面思想想法比較多，認為自己不夠好，自己越愛他、不捨得他就會越卑微，他就會越冷淡冷漠。
 
 建議，少用言語調情，多加重房間氣氛的怖置，例如音樂、蠟燭、暗燈等等，都能代替你們說出尷尬的話。多利用搞笑愛情影片、情歌來表達你的感受。建議，當發現自己開始被他影響時，就要懂得調整自己的心境，嘗試學會平靜，聽療癒的音樂。否則，你們會陷入悲觀裡，彼此也不舒服。"
X-分手,"你們在情趣上也比較沒有火花及交集。代表著，你們難以有進一步的發展，停滯不前。你們在情趣上沒有交集，代表他的情趣你不懂，你的情趣他不懂，常常交錯。最重要是，你沒辦法激起他的情慾需求，他覺得跟你上床會比較無聊，或是過於平淡，無法被滿足。所以，你們也比較難有甜蜜的時候。你覺得穩定平淡，因為根本沒有火花。萬一遇上一個，能激發起你們情慾的人，就會容易出軌外遇，嚴重會有不能離開第三者的可能，因為第三者能滿足你們的胃口。
 
 所以，即使復合也不會有甜蜜的感覺，也不能用情趣去彌補你們之間的感情。
 
 在整體合盤來說，你們會比較像朋友的相處，少了愛情的火花，也少有激情的部分，容易會因為沒有新鮮感而離開。"
X-曖昧,你們在情趣上沒有交集，代表他的情趣你聽不懂，你的情趣他也搞不懂，常常沒辦法激發到最強烈的愛情火花。所以，你們也比較難有甜蜜的時候。而且，你們一句兩句就中止話題，接不下去，想浪漫，又催不起來，卡在那邊，晾著晾著就新鮮感也沒了。
X-情侶,"你們在情趣上沒有交集，代表他的情趣你不懂，你的情趣他不懂，常常交錯。所以，你們也比較難有甜蜜的時候。而且，你們難以有甜蜜的時候，可以一句兩句就中止話題，接不下去，想恩愛又浪漫不起來，卡在那邊，晾著晾著就新鮮感也沒了。你們適合過著平淡的婚姻生活，但如果其中一方「拿其他情侶夫妻」來比較自己的平淡生活，很容易造成「負面內耗」，不是平淡了沒新鮮感就等於沒愛情，而是你想得到的太多，以為沒有愛情了。
 
 在整體合盤來說，你們會比較像朋友的相處，少了愛情的火花，也少有激情的部分，容易會因為沒有新鮮感而離開。"
相處,內容
害局-曖昧1,"在你們的相處中，做朋友的時候已經會比較不好溝通，容易貌合神離，容易想錯方向，聊天說錯話不懂收場，尤其是他對你會比較明顯。感情關係也容易產生變卦，也有可能就是彼此也比較冷漠對待。你們在溝通上，也難以有一個明確的結論，也容易誤會彼此，也無法理解彼此，常常都是聊到後面變成沉默，聊不下去。他對於你提出的方法或話題，都是愛回不回，有時候比較有意見，有時候就完全不想參與或表達。
 
 建議，發現開始沒辦法達成共識時，就先停下來。硬聊，只會脫離主題，變成不愉快的聊天，會破解感情基礎。你更加要學會跟他相處的方法「🌹如何讓他更愛你？」。因為，你想要他懂得你的好，請先讓他得到滿足，他開心，自然看上你的好。否則，你繼續用自以為是的方法，你也不會得到任何東西，你只會失去更多。"
害局-情侶1,"在你們的相處中，會比較不好溝通，多爭執，容易貌合神離，聚少離多，容易悲觀，尤其是他對你會比較明顯。感情關係也容易產生變卦，也有可能就是彼此也比較冷漠對待。你們在溝通上，也難以有一個明確的結論，容易吵架，也容易誤會彼此，也無法理解彼此，常常都是聊到後面變成吵架。他對於你提出的方法或話題，都是愛回不回，有時候比較有意見，有時候就完全不想參與或表達。交往後期，會容易多疑、心底容易冒出性格不合的念頭，例如會懷疑對方，一起做抉擇時會意見不一致。
 
 建議，發現開始沒辦法達成共識時，就先停下來。持續爭議下去，只會脫離主題，變成情緒旳抗爭。你更加要學會跟他相處的方法「🌹如何成為他心目中的人？」。因為，你想要他聽你的命令，請先讓他得到滿足，他開心，自然願意做。否則，你繼續用自以為是的方法，你也不會得到任何東西，你只會失去更多。"
同氣-任何1,在你們的相處上，是有很特別的狀況，交往前「無話不說」，交往後「無話可說」，意思就是你們會因為一開始太好聊了，所以覺得彼此都有意思，也覺得很有默契，好像是天注定一樣，你們也覺得對方跟自己一樣，很同頻，是同類。但是，交往後，就是因為太一樣了，沒有互補的感覺，長期下來會理所然地覺得對方會懂，就沒有去表達或行動。最後，因為太熟悉對方，沒有新鮮感，也沒有互補的作用，就會變成「因為太了解對方，才會分手」的情況。
沖局-情侶1,在你們的相處上，你們之間的溝通上比較有火花，有好也有壞，好的話就是讓彼此意想不到，可能會有新鮮感。壞的話，就是可能太過突兀而感到受打擊，來不及反應，聽懂就會反擊。或是，你們對生活的期待不一樣，容易有爭吵的時候，或容易對彼此有意見。
沖局-曖昧12,在你們的相處上，你們之間的溝通上比較有火花，有好也有壞，好的話就是讓彼此意想不到，可能會有新鮮感。壞的話，就是可能太過突兀而感到受打擊。也有爭吵的時候，或容易對彼此有意見。容易起衝突，彼此會覺得莫名其妙，明明小事也能鬧成大事，明明不是自己的錯也能講成犯了大錯。相處之間，容易起伏大，也比較激烈。關係緊張，很大部份的意見都是對立的，互不相讓。
合局-曖昧,"同時，在你們的相處中，代表你們其實也好溝通，互相配合，也有默契。大家也投入這份交流上，情投意合。基本的話題聊天，都能聊。所以，做朋友時，會覺得彼此都比較有默，容易日久生情。但是，也只限於朋友聊天的情誼，也算是有溝通的基礎。
 
 但是，在整體合盤來說，你們會比較像朋友的相處，少了愛情的火花，也少有激情的部分，容易會因為沒有新鮮感而離開。"
合局-分手,"同時，在你們的相處中，你們其實也好溝通，互相配合，也有默契。大家也投入這份交流上，情投意合。基本的話題聊天，都能聊。所以，做朋友時，會覺得彼此都比較有默，容易日久生情。尤其是，你們有溝通基礎，你們商量的時候都比較能夠達成共識，互相退一步遷就不將就。所以，建議：發生問題時，可以以聊天的方式聊開，不要悶在心裡，有合局都要把話講出，不要罵，不要指責，也不要閙，用輕鬆的話題，從淺入深地解開問題，都會對你們有所幫助。長期良好溝通，都會讓彼此更包容缺點，對脾氣情緒都會更加寬容。多以引導的方式，講出他的心底話，一開始要慢慢來，要有耐心，才會建立的溝通基礎，以後發生爭執時也能回到理性溝通，達到共識，共同解決問題的親密度。
 
 所以，建議你們先從朋友的關係再次開始，朋友關係不帶任何復合目的，讓他覺得跟你在一起是舒服的。否則，每天在求復合，只會讓他壓力，更拒絕你，甚至斷絕來往。"
刑局,在你們的相處上，你們在溝通上有說不出口，溝通不到就會在心裡產生鬱悶，不知道要怎麼說出口，也找不到一個更好的方式去講，到最後也會變得越來越不想說，彼此在心裡容累積不爽的想法。就是自找麻煩，容易想太多負面，想像很多不真實的幻想，讓自己越陷越負面，所以你這種負面想法及能量，是很容易影響他想要遠離你的。這是惡的循環，你越亂想，他越離開你，你越不安。交往後期，態度性情冷酷，常常出現嫌棄的情況，你的付出沒回報，他也不會感謝你。
X-任何,"其他方面，交往越久越明顯就是，你們在一般生活裡比較沒有火花及交集。代表著，你們難以有進一步的發展，停滯不前。你們在相處上沒有交集，代表他的話題你不懂，你的話題他不懂，常常對不上頻率。建議你，清楚表明自己的需求，但也要多重複幾次，他才會懂。否則，他腦袋的WI-FI都沒辦法接收你的需求。所以，你們也比較難有非常好聊的時候。意思也就是說，你們比較沒有溝通的基礎，也會有誤會，互相理解的點會比較不一樣。所以，會有很多「自以為」的想像出來。你以為他知道你的付出，你以為他對你是有愛，你以為他知道你的想法，你以為他會聽懂你的要求，等等。但其實很多時候，也是互相不明白，只是猜想，又猜錯。最後，就是雞同鴨講，很難有共識共嗚，沒辦法有更多的話題，只靠著愛情的火花去彊持，但新鮮感消散，溝通基礎也沒有，就很難維持下去。所以，你們也比較難有非常好聊的時候。意思也就是說，你們比較沒有溝通的基礎，也會有誤會，互相理解的點會比較不一樣。
 
 建議，當你不知道怎麼回應時，都不要加太多個人意見引發不必要的誤會，嘗試在自己不認知的範圍裡多欣賞他，鼓勵他跟你分享他的想法，做一個聆聽者。另外，自己在生活裡，多分享自己的開心、愉快的事情，都能吸引他願意跟你溝通交流，彌補了「對不上頻率」的問題。"
X-曖昧,其他方面，比較沒有火花。你們聊天或曖昧都沒辦法讓感情更緊密，難以有進一步的發展，停滯不前。他的話題你不懂，你的話題他不懂，常常對不上頻率。最後，就是雞同鴨講，很難有共識共嗚，沒辦法有更多的話題。長期下來，會覺得跟你聊天好無聊，不有趣，寧願跟其他人多聊一些，也不要跟你有的沒的。最後，會有「突然消失」「不回訊息」的情況，也有可能，他會突然交到情人，直接無視你的存在，斷聯封鎖。
快速總結（第一：緣份）,內容
他流年太多誘惑,"幫你做個快速的總結：
 
 第一：他其實對你這個人是有興趣的，但是，流年太多誘惑而定不住，再加上他對愛情比較渴望有刺激感，需要新鮮感才讓他看一眼。你的付出，你的愛意，他看不上眼，才需要精準攻略。否則，你繼續原地踏步，他還是一樣不覺得你是情人的人選，說不定還有更好的條件。"
你的能量比較低,"幫你做個快速的總結：
 
 第一：你在感情關係裡的能量偏低的話，你個人會呈現「內耗」「疲憊」「不安」的情況。再來，就是呈現「不對等的愛情結構」。例如「他看不起你」「他不害怕你離開他所以任意妄為」「他不把你放在眼裡而選擇傷害你」。建議你定期找NANA做「愛情療癒組合」提升自己的正能量（補充滿愛情能量更能發揮他喜歡的特質加以吸引他留住他）讓他喜歡靠近你，讓他覺得跟你相處舒服，就自然離不開你。"
沒辦法對抗父母親,"幫你做個快速的總結：
 
 第一：他是很喜歡你的，但是他沒辦法堅定的為了你而對抗父母親（對他來說，家人的想法及意見是非常重點）。一是，你曾經做過讓他猶豫要不要繼續下去的事情（吵架後的態度 或 相處不融洽）； 二是，他感受不到你的堅定，他在心裡衡量過後，不值得拚手一博。（理性思維，不會為愛而損失自己）"
你命盤傷官,"幫你做個快速的總結：
 
 第一：你的命盤裡，有影響著你感情的磁場，才會導致你的感情路上一波三折，容易出現「我喜歡的人不喜歡我」的情況。建議你可以進行《自我覺察》，從自身可以做調整，你生活越自在舒服，你越能遇到真心欣賞你疼愛你的人。首先，就是覺察自己的負面情緒及想法，再來就是這些想法如何引導你做出的行為，你的言辭是否滿口都是抱怨及挑剔。察覺成功後，再調整，你會發現身邊的人事物對你越來越友善，總是帶著愛。"
命盤帶七殺,"幫你做個快速的總結：
 
 第一：你的命盤裡，有影響著你感情的磁場，才會導致你對於感情比較任性、執著、佔有欲強烈。而且，你對待感情過於重視，遇到問題往往經不起考驗，不小心就陷入「情關裡」。建議，你還是參與《愛情療癒組合》學習給予自己安全感，當妳充滿能量就會有歡喜心，妳對他就會多點包容體諒，不再容易動怒。他才會真正地對你對你放下戒心，慢慢對下妳對他的壓力，否則他撐不住，就會直接消失。"
傷官見官,"幫你做個快速的總結：
 
 第一：你的命盤裡，有影響著你感情的磁場，就是交往容易臨門一腳不成功，容易因各種事端造成姻緣不順逐。自己對待感情之事過於緊張，太重視而又過度付出在另一半身上，造成對方壓力大，你對他來說就是威脅的存在，所以交往後態度大變，看不順眼，變得冷漠，最後分手或離婚。"
你命盤帶比/劫,"幫你做個快速的總結：
 
 第一：你的命盤裡，有影響著你感情的磁場，才會導致你的感情路上一波三折，不管自己還是伴侶，都容易出現「第三者/情敵」或是「爛桃花纏身」。你的命盤會在潛意識中影響你的直覺，導致你常常感到患得患失，沒有安全感，害怕失去等等。建議你可以參與《愛情療癒組合》，作調整。"
女合局,"幫你做個快速的總結：
 
 第一：你對愛情的付出，往往都是讓你受傷害，讓你越來越心累。雖然沒辦法阻此你在愛情的投入，但至少你要學會保護自己。建議你，參與《愛情療癒組合》補充愛的能量，學習愛自己，才不會執著於從別人的身上得到愛，也視愛為安全感。當你學會把愛回流到自己身上時，你就不要白白把自己的愛付出去，結果到後來一場空。"
緣份少,"幫你做個快速的總結：
 
 第一：你們之間緣份少，自己再努力，也摸不到彼此的需求，也做不到他想要的特質，要做也很吃力。相愛，但還是很無奈。合盤看得赤裸，不需要說謊，你只需要回答自己，你真的希望跟他一輩子嗎？還是你覺得自己可以找到個更喜歡的人？"
女沒圈,"幫你做個快速的總結：
 
 第一：目前對愛情的付出，只是因為「伴侶」這個角色，不是真的喜愛這位對象。執著於把「他」套入你心目中的「伴侶」理想定位，你會更痛苦。先不管喜歡不喜歡的考量，如果他是一個適合跟你生活下去的最佳人選，你再考慮目前的生活問題吧。否則，你一直內耗，委屈自己去迎合現實。"
快速總結（第二：流年）,內容
流年磁場太強,第二：流年磁場太強，讓你們在這1-2年之間發生了好多事情，很多的壓力、煩惱、突發狀況，也讓你們陷入了情緒的低潮，無法發洩，導致更不安。你們能量過低，很容易撐不過去。
刑局陽陽,第二：你們對愛情的想法很多，又負面，不敢踏出勇敢的一步，選擇逃避及放棄。再加上，你們傾向有主見，更容易把潛在問題越講越生氣，導致一發不可收捨（分手告終）。
刑局陰陰,第二：你們對愛情的想法很多，又負面，不敢踏出勇敢的一步，選擇逃避及放棄。再加上，你們傾向被動，更容易把潛在問題越藏越深，導致一發不可收捨（分手告終）。
這2年走小三流年磁場,第二：這2年走小三流年磁場，他身邊異性會增加，如果你沒有定期清理好磁場，他很容易因為新鮮感而出軌。所以，他才會捨得不理你，冷處理，冷暴力。要及時處理，否則後悔莫及。流年磁場太強，讓你們撐不住，不小心就被上天考倒了。能量太弱，都會有考驗，既然已經發生了，就要花時間讓感情得到治療，再來就是跟他互動要建立更緊密的關係。
相處過於平淡沒想法,第二：相處過於平淡沒想法，這是很危險的，因為沒有親密感，就代表感情傾向脆弱。你們即使緣份高，也容易被你們消耗到歸0。
你合他害,第二：你對愛情的付出，不能說他負心漢，而是對他來說真的沒什麼大不了，或是感動不了他。不是你的問題，而是命盤的磁場讓他有這些想法。所以，你們在一起，有點像是情感上的虐待，他越冷暴力，你會更加付出。
他命盤惡劣,第二：他的命盤磁場，影響著他的行為舉止，所以顯得他對你比較惡劣，不是他的錯，只是他命盤讓他這樣對待愛情。他的冷暴力，冷處理，都會是以後分手的導火線。現在不處理，等到分手才後悔。
他-流年煩惱,第二：他只是因為流年磁場太強，影響到他的身心狀況不佳，一下子遇到煩惱，才一時衝動下錯誤的決定。這個時候，他背負著壓力，需要你的陪伴，但不要加重他的壓力，需要自己去拿捏。只能告訴你，逗他開心為主，讓他覺得生活還有希望，有你陪伴著他，他才有未來。
你-傷官抱怨,第二：再加上你的抱怨、碎碎念，他會感受更深。你愛他的方式不對，你希望他做好，但其實沒必要把標準套在他身上，他只會變得越來越冷淡，他也容易變得不想面對你，寧願出去跟其他人在一起。你會願意為了他而改變自己挑剔、說話帶刺、傷害別人的個性？很堅定嗎？你會想改變你們的關係嗎？事到如今，不管誰對誰錯，能不能自己先認錯，自己一直以來，愛他的方式有不對的地方呢？
快速總結（第三：相處）,內容
沒有利用情趣相合,第三：你沒有好好利用情趣相合這一點來激發他的慾望，如果能夠好好應用，成功又更進一步。再搭配我給你的攻略，看不懂就重覆看，反覆嘗試，你一定可以挽回的。
你猶豫-情侶,第三：其實你自己應該也在猶豫，要不要繼續走下去。但是，你又沒有一個勇氣，也沒有一個理由，想到分開，自己又因為不捨得，這些都是正常的。你需要先問自己，你想要的是什麼？更甜蜜？不放棄？順其自然？
你猶豫-分手,第三：其實你自己應該也在猶豫，要不要繼續走下去。但是，你又沒有一個勇氣，也沒有一個理由，直到分開，自己又因為不捨得，這些都是正常的。說不定，這一次就給自己一個解脫吧，放下他，也等於放過你自己。
損失不愛你的人,第三：你只是損失一個不愛你的人，在未來你一定會遇到你愛，而他又愛你的人。只在於，你相不相信。
自助人助天助,"你要學會做他生命中的禮物🎁你們的感情才會更好，心靈會更靠近。你必須把握這次時機，先參與《愛情療癒組合》。
 
 從你自己開始行動，用吸引力法則的能量讓你們更緊密在一起：
 一、補充愛的能量：當彼此愛的能量缺乏，無法供應給這段感情，缺乏能量會導致雙方「斷線」，不投入經營關係，直到負能量堆積而分手。
 二、調整愛的頻率：同頻才會共振，放下怨念及仇恨，調整你對他的頻率，增加他愛你的舒服感，增強他愛你的連結。（你愛他的言辭行為，是需要得到他的認同，就是共振的意思）
 三、持續淨化磁場：當你們 接觸自己及伴侶以外的人，都會沾到負能量，負能量直接影響你們兩個人的情緒、脾氣、習性。所以，才會出現突如其來的不耐煩，發脾氣，生氣等等，這些不合理的狀況（不屬於你們感情的干擾）。
 
 以上三種方法，只適合願意「配合」「執行」「改變」的善緣，有心想要逆轉苦況，請主動諮詢NANA（祕訣不外傳，只給用心經營愛情的善緣）"
針對你的問題,第三：針對你「」
桃花供,內容
情侶/夫妻,"針對你目前的狀況，我會建議你做《雙人牽線療癒組合》
 
 從你自己開始行動，用吸引力法則的能量讓你們更緊密在一起：
 一、補充愛的能量：當彼此愛的能量缺乏，無法供應給這段感情，缺乏能量會導致雙方「斷線」，不投入經營關係，直到負能量堆積而分手。
 二、調整愛的頻率：同頻才會共振，放下怨念及仇恨，調整你對他的頻率，增加他愛你的舒服感，增強他愛你的連結。（你愛他的言辭行為，是需要得到他的認同，就是共振的意思）
 三、持續淨化磁場：當你們 接觸自己及伴侶以外的人，都會沾到負能量，負能量直接影響你們兩個人的情緒、脾氣、習性。所以，才會出現突如其來的不耐煩，發脾氣，生氣等等，這些不合理的狀況（不屬於你們感情的干擾）。
 
 以上三種方法，只適合願意「配合」「執行」「改變」的善緣，有心想要逆轉苦況，請主動諮詢NANA（祕訣不外傳，只給用心經營愛情的善緣）"
復合-斷聯緣份多,"目前你們已經斷聯了，建議你要先求「復聯」，成功恢復聯絡後，才再怖署下一步。你們緣份也足夠多，成功率也比較高，但是也需要時間發酵去修補缺口。
 
 另外《雙人牽線療癒組合》是利用 吸引力法則運用能量勾線回來，重點在於提升你自己的個人愛情能量，發射「能量紅線」重新建立與他的正向連結。
 
 「復合療癒組合」需要至少要3到6個月時間（不適用於沒耐心的善緣）
 一、補充愛的能量：補充自己的愛情能量，越缺乏越無法吸引他回來（往外求愛 ＝ 吸乾別人的能量，他的愛歸0了就會遠離你）。所以，要先補充好愛情能量，他就會回來找你，享受愛與被愛的幸福。
 二、修補感情缺口：一段關係裡都會有它的能量場，缺口上會沾著累積的負能量，也有可能是創傷型的疤痕。所以，也需要修復，以免成為未來復合的傷痛藉口。
 三、能量紅線：發射「能量紅線」重新建立與他的正向連結。「紅線」是指你跟他之間的連結，包括思念及愛意，透過這條「紅線」灌輸愛情能量，需要確保你對他的想法是正面正向，而不是只有執念及慾望，否則只會帶來反效果（負能量灌輸會導致討厭你）。
 
 另外，可以請求主神或指導靈幫忙：衪們可以加速幫你們撮合，讓你們更快重新開始。衪們認同的話，彼此會迴心轉意，他也會突然間發現你的好，也比較願意放下以往的執念。
 
 但是，復合是需要很堅定的能量，要配合吃早餐素，用行動來表達你對復合的決心，你不配合，神明也難以實現你的願望。"
復合-有聯絡,"既然分手了，就代表雙方對於這段感情是不滿意，所以你就要「從根源解決問題」，否則即使回來了，你們也是會因為當初的理由分手。保持聯絡是必須的，而且都比較容易救回來。
 
 建議你做《雙人牽線桃花供》，是首要幫你們在潛意識中作和解，你們以往吵架、開罵、冷暴力、酸言酸語、惡意傷害，都是有給這段姻緣帶來了很多負能量，包括怨恨、悲傷、憤怒、委屈、心痛、憂愁、恐懼。當彼此愛的能量缺乏，無法供應給這段感情，缺乏能量會導致雙方「斷線」，不投入經營關係，累積負能量到爆發就會分開。
 
 一、修補感情缺口：修復這段關係裡的傷害，幫助你們說出內心想法及感受，消除心中的刺（傷口），重新敞開心胸，讓彼此再次進入心中。
 
 二、調整愛情頻率：同頻才會共振，放下怨念及仇恨，調整你對他的頻率，增加他愛你的舒服感，增強他愛你的連結。（你愛他的言辭行為，是需要得到他的認同，就是共振的意思）
 
 三、重新建立愛情關係：重新把這段關係連結，重新走進彼此的心裡，建立親密關係，建立安全感，信任度，親密感等等。
 
 四、可以請求仙佛幫忙：衪們可以加速幫你們撮合，讓你們更快重新開始。衪們認同的話，彼此會迴心轉意，他也會突然間發現你的好，也比較願意放下以往的執念。
 
 但是，復合是需要很堅定的能量，要配合吃早餐素，用行動來表達你對復合的決心，你不配合，神明也難以實現你的願望。
 
 另外，《雙人牽線桃花供》需要完成12場（約3-6個月），加強你們「和好」的效果，我的療癒祕方可以讓你們情慾滿滿，同時，你們就不再受流年打擊，影響你們的情緒，胡思亂想。每做一次雙人療癒桃花供，正能量都是累積的，請穩定好自己的磁場，他才會真正地覺得跟你在一起才是最舒服的，沒必要再在外面找其他人代替你！"
惡緣-分手,"針對你目前的狀況，我會建議你參與《愛情療癒組合》
 
 建議你還是往前看。因為其實你會遇到一位跟你緣份更多，你更愛的人，沒必要糾結於這個人。
 
 《愛情療癒組合》就是療癒妳的身心靈，讓你的頭腦清晰，更能放下這段「開花不結果」的感情，讓你重新開始。
 一：抹去眼瘴，你就會更能發現自己的正緣到底是誰。而且，眼光正確，選擇一個愛你而你又愛他的正緣桃花。
 二：當你持續做愛情療癒，你的能量越高，就能越吸引高質量的正緣桃花，保持穩定感情。
 三：能量越高，越遠離爛桃花。如果，你不去化解，你的爛桃花及情債會一直折磨著你，很痛苦的，最後，一直單身，或者是都遇不到一個真心喜歡自己的人。
 
 另外，《愛情療癒組合》做至少12次，可以增加自己的桃花能量，你值得一個更疼愛你的人，你值得一個接受你的愛的人，你更值得一個欣賞你的愛的人。即使你原諒他，還是心裡有疙瘩，缺乏安全感還是會一樣製造煩惱。你沒有解決問題的能力，就不要談復合。"
曖昧桃花供,"針對你目前的狀況，我會建議你參與《雙人牽線療癒組合》，加速你們的感情發展，就算遠距離也能保持穩定，也能加快你們對未來期昐的實現，例如成為情侶。
 
 《雙人牽線療癒組合》就是療癒妳的身心靈，讓你跟他在現實裡溝通會明顯順利。
 一：建立愛情紅線，加強同頻共振，你就會更能知道如何符合他的心意，如果，你先不化解你們之間的阻礙，拖拖拉拉，很大機會會錯過他這位正緣！
 二：當你持續做愛情療癒，你的能量越高，就能越維持高質量的正緣桃花，保持穩定感情。
 三：能量越高，越快速順利交往，也欣賞疼愛彼此。這就是愛情能量的顯化。
 
 另外，《雙人牽線療癒組合》需要完成12次，加強你們「交往」的效果，我的感情祕方可以讓你們情慾滿滿，同時，你們就不再受流年打擊，影響你們的情緒，胡思亂想。每做一次愛情療癒，正能量都是累積的，請穩定好自己的磁場，他才會真正地覺得跟你在一起才是最舒服的，沒必要再在外面找其他人代替你！"
收尾,"❌ 不要再摧毀自己的愛情
 ✅ 建議你，可以留意NANA的《戀愛說明書》的課程，用命理的專業知識了解愛情及對方，用對方式滿足他的心，讓他知道，你是他遇過最想得到的情人！
 ✅ 配合《愛情療癒組合》，停止內耗，馬上調整自己的行為舉止，讓他對你改觀！
 ✅ 做好決定，NANA就會送您身心靈療癒同步進行是最有效，他絕對沒有理由不愛你！"